College Name,District,Type,Branch,Category,Min Percentage (%),Approx Annual Fees,Hostel Facility,Hostel Fee
"Government Polytechnic, Nagpur",Nagpur,Government,Computer Engineering,OPEN,84.0,"₹7,750 / year",Yes (Boys & Girls),"₹4,500 - ₹6,000 / year"
"Government Polytechnic, Nagpur",Nagpur,Government,Computer Engineering,OBC,80.0,"₹3,875 / year",Yes (Boys & Girls),"₹4,500 - ₹6,000 / year"
"Government Polytechnic, Nagpur",Nagpur,Government,Computer Engineering,SC,74.0,"₹1,000 - ₹2,000 / year",Yes (Boys & Girls),"₹4,500 - ₹6,000 / year"
"Government Polytechnic, Nagpur",Nagpur,Government,Computer Engineering,ST,66.0,"₹1,000 - ₹2,000 / year",Yes (Boys & Girls),"₹4,500 - ₹6,000 / year"
"Government Polytechnic, Nagpur",Nagpur,Government,Computer Engineering,EWS,82.0,"₹3,875 / year",Yes (Boys & Girls),"₹4,500 - ₹6,000 / year"
"Government Polytechnic, Nagpur",Nagpur,Government,Computer Engineering,NT-A,77.0,"₹3,875 / year",Yes (Boys & Girls),"₹4,500 - ₹6,000 / year"
"Government Polytechnic, Nagpur",Nagpur,Government,Computer Engineering,NT-B,77.0,"₹3,875 / year",Yes (Boys & Girls),"₹4,500 - ₹6,000 / year"
"Government Polytechnic, Nagpur",Nagpur,Government,Computer Engineering,NT-C,77.0,"₹3,875 / year",Yes (Boys & Girls),"₹4,500 - ₹6,000 / year"
"Government Polytechnic, Nagpur",Nagpur,Government,Computer Engineering,NT-D,77.0,"₹3,875 / year",Yes (Boys & Girls),"₹4,500 - ₹6,000 / year"
"Government Polytechnic, Nagpur",Nagpur,Government,Computer Engineering,VJ/DT,77.0,"₹3,875 / year",Yes (Boys & Girls),"₹4,500 - ₹6,000 / year"
"Government Polytechnic, Nagpur",Nagpur,Government,Computer Engineering,TFWS,89.0,"₹1,000 - ₹2,000 / year",Yes (Boys & Girls),"₹4,500 - ₹6,000 / year"
"Government Polytechnic, Nagpur",Nagpur,Government,Information Technology,OPEN,82.0,"₹7,750 / year",Yes (Boys & Girls),"₹4,500 - ₹6,000 / year"
"Government Polytechnic, Nagpur",Nagpur,Government,Information Technology,OBC,78.0,"₹3,875 / year",Yes (Boys & Girls),"₹4,500 - ₹6,000 / year"
"Government Polytechnic, Nagpur",Nagpur,Government,Information Technology,SC,72.0,"₹1,000 - ₹2,000 / year",Yes (Boys & Girls),"₹4,500 - ₹6,000 / year"
"Government Polytechnic, Nagpur",Nagpur,Government,Information Technology,ST,64.0,"₹1,000 - ₹2,000 / year",Yes (Boys & Girls),"₹4,500 - ₹6,000 / year"
"Government Polytechnic, Nagpur",Nagpur,Government,Information Technology,EWS,80.0,"₹3,875 / year",Yes (Boys & Girls),"₹4,500 - ₹6,000 / year"
"Government Polytechnic, Nagpur",Nagpur,Government,Information Technology,NT-A,75.0,"₹3,875 / year",Yes (Boys & Girls),"₹4,500 - ₹6,000 / year"
"Government Polytechnic, Nagpur",Nagpur,Government,Information Technology,NT-B,75.0,"₹3,875 / year",Yes (Boys & Girls),"₹4,500 - ₹6,000 / year"
"Government Polytechnic, Nagpur",Nagpur,Government,Information Technology,NT-C,75.0,"₹3,875 / year",Yes (Boys & Girls),"₹4,500 - ₹6,000 / year"
"Government Polytechnic, Nagpur",Nagpur,Government,Information Technology,NT-D,75.0,"₹3,875 / year",Yes (Boys & Girls),"₹4,500 - ₹6,000 / year"
"Government Polytechnic, Nagpur",Nagpur,Government,Information Technology,VJ/DT,75.0,"₹3,875 / year",Yes (Boys & Girls),"₹4,500 - ₹6,000 / year"
"Government Polytechnic, Nagpur",Nagpur,Government,Information Technology,TFWS,87.0,"₹1,000 - ₹2,000 / year",Yes (Boys & Girls),"₹4,500 - ₹6,000 / year"
"Government Polytechnic, Nagpur",Nagpur,Government,Artificial Intelligence & Data Science,OPEN,82.0,"₹7,750 / year",Yes (Boys & Girls),"₹4,500 - ₹6,000 / year"
"Government Polytechnic, Nagpur",Nagpur,Government,Artificial Intelligence & Data Science,OBC,78.0,"₹3,875 / year",Yes (Boys & Girls),"₹4,500 - ₹6,000 / year"
"Government Polytechnic, Nagpur",Nagpur,Government,Artificial Intelligence & Data Science,SC,72.0,"₹1,000 - ₹2,000 / year",Yes (Boys & Girls),"₹4,500 - ₹6,000 / year"
"Government Polytechnic, Nagpur",Nagpur,Government,Artificial Intelligence & Data Science,ST,64.0,"₹1,000 - ₹2,000 / year",Yes (Boys & Girls),"₹4,500 - ₹6,000 / year"
"Government Polytechnic, Nagpur",Nagpur,Government,Artificial Intelligence & Data Science,EWS,80.0,"₹3,875 / year",Yes (Boys & Girls),"₹4,500 - ₹6,000 / year"
"Government Polytechnic, Nagpur",Nagpur,Government,Artificial Intelligence & Data Science,NT-A,75.0,"₹3,875 / year",Yes (Boys & Girls),"₹4,500 - ₹6,000 / year"
"Government Polytechnic, Nagpur",Nagpur,Government,Artificial Intelligence & Data Science,NT-B,75.0,"₹3,875 / year",Yes (Boys & Girls),"₹4,500 - ₹6,000 / year"
"Government Polytechnic, Nagpur",Nagpur,Government,Artificial Intelligence & Data Science,NT-C,75.0,"₹3,875 / year",Yes (Boys & Girls),"₹4,500 - ₹6,000 / year"
"Government Polytechnic, Nagpur",Nagpur,Government,Artificial Intelligence & Data Science,NT-D,75.0,"₹3,875 / year",Yes (Boys & Girls),"₹4,500 - ₹6,000 / year"
"Government Polytechnic, Nagpur",Nagpur,Government,Artificial Intelligence & Data Science,VJ/DT,75.0,"₹3,875 / year",Yes (Boys & Girls),"₹4,500 - ₹6,000 / year"
"Government Polytechnic, Nagpur",Nagpur,Government,Artificial Intelligence & Data Science,TFWS,87.0,"₹1,000 - ₹2,000 / year",Yes (Boys & Girls),"₹4,500 - ₹6,000 / year"
"Government Polytechnic, Nagpur",Nagpur,Government,Electronics & Telecommunication,OPEN,78.0,"₹7,750 / year",Yes (Boys & Girls),"₹4,500 - ₹6,000 / year"
"Government Polytechnic, Nagpur",Nagpur,Government,Electronics & Telecommunication,OBC,74.0,"₹3,875 / year",Yes (Boys & Girls),"₹4,500 - ₹6,000 / year"
"Government Polytechnic, Nagpur",Nagpur,Government,Electronics & Telecommunication,SC,68.0,"₹1,000 - ₹2,000 / year",Yes (Boys & Girls),"₹4,500 - ₹6,000 / year"
"Government Polytechnic, Nagpur",Nagpur,Government,Electronics & Telecommunication,ST,60.0,"₹1,000 - ₹2,000 / year",Yes (Boys & Girls),"₹4,500 - ₹6,000 / year"
"Government Polytechnic, Nagpur",Nagpur,Government,Electronics & Telecommunication,EWS,76.0,"₹3,875 / year",Yes (Boys & Girls),"₹4,500 - ₹6,000 / year"
"Government Polytechnic, Nagpur",Nagpur,Government,Electronics & Telecommunication,NT-A,71.0,"₹3,875 / year",Yes (Boys & Girls),"₹4,500 - ₹6,000 / year"
"Government Polytechnic, Nagpur",Nagpur,Government,Electronics & Telecommunication,NT-B,71.0,"₹3,875 / year",Yes (Boys & Girls),"₹4,500 - ₹6,000 / year"
"Government Polytechnic, Nagpur",Nagpur,Government,Electronics & Telecommunication,NT-C,71.0,"₹3,875 / year",Yes (Boys & Girls),"₹4,500 - ₹6,000 / year"
"Government Polytechnic, Nagpur",Nagpur,Government,Electronics & Telecommunication,NT-D,71.0,"₹3,875 / year",Yes (Boys & Girls),"₹4,500 - ₹6,000 / year"
"Government Polytechnic, Nagpur",Nagpur,Government,Electronics & Telecommunication,VJ/DT,71.0,"₹3,875 / year",Yes (Boys & Girls),"₹4,500 - ₹6,000 / year"
"Government Polytechnic, Nagpur",Nagpur,Government,Electronics & Telecommunication,TFWS,83.0,"₹1,000 - ₹2,000 / year",Yes (Boys & Girls),"₹4,500 - ₹6,000 / year"
"Government Polytechnic, Nagpur",Nagpur,Government,Electrical Engineering,OPEN,78.0,"₹7,750 / year",Yes (Boys & Girls),"₹4,500 - ₹6,000 / year"
"Government Polytechnic, Nagpur",Nagpur,Government,Electrical Engineering,OBC,74.0,"₹3,875 / year",Yes (Boys & Girls),"₹4,500 - ₹6,000 / year"
"Government Polytechnic, Nagpur",Nagpur,Government,Electrical Engineering,SC,68.0,"₹1,000 - ₹2,000 / year",Yes (Boys & Girls),"₹4,500 - ₹6,000 / year"
"Government Polytechnic, Nagpur",Nagpur,Government,Electrical Engineering,ST,60.0,"₹1,000 - ₹2,000 / year",Yes (Boys & Girls),"₹4,500 - ₹6,000 / year"
"Government Polytechnic, Nagpur",Nagpur,Government,Electrical Engineering,EWS,76.0,"₹3,875 / year",Yes (Boys & Girls),"₹4,500 - ₹6,000 / year"
"Government Polytechnic, Nagpur",Nagpur,Government,Electrical Engineering,NT-A,71.0,"₹3,875 / year",Yes (Boys & Girls),"₹4,500 - ₹6,000 / year"
"Government Polytechnic, Nagpur",Nagpur,Government,Electrical Engineering,NT-B,71.0,"₹3,875 / year",Yes (Boys & Girls),"₹4,500 - ₹6,000 / year"
"Government Polytechnic, Nagpur",Nagpur,Government,Electrical Engineering,NT-C,71.0,"₹3,875 / year",Yes (Boys & Girls),"₹4,500 - ₹6,000 / year"
"Government Polytechnic, Nagpur",Nagpur,Government,Electrical Engineering,NT-D,71.0,"₹3,875 / year",Yes (Boys & Girls),"₹4,500 - ₹6,000 / year"
"Government Polytechnic, Nagpur",Nagpur,Government,Electrical Engineering,VJ/DT,71.0,"₹3,875 / year",Yes (Boys & Girls),"₹4,500 - ₹6,000 / year"
"Government Polytechnic, Nagpur",Nagpur,Government,Electrical Engineering,TFWS,83.0,"₹1,000 - ₹2,000 / year",Yes (Boys & Girls),"₹4,500 - ₹6,000 / year"
"Government Polytechnic, Nagpur",Nagpur,Government,Mechanical Engineering,OPEN,76.0,"₹7,750 / year",Yes (Boys & Girls),"₹4,500 - ₹6,000 / year"
"Government Polytechnic, Nagpur",Nagpur,Government,Mechanical Engineering,OBC,72.0,"₹3,875 / year",Yes (Boys & Girls),"₹4,500 - ₹6,000 / year"
"Government Polytechnic, Nagpur",Nagpur,Government,Mechanical Engineering,SC,66.0,"₹1,000 - ₹2,000 / year",Yes (Boys & Girls),"₹4,500 - ₹6,000 / year"
"Government Polytechnic, Nagpur",Nagpur,Government,Mechanical Engineering,ST,58.0,"₹1,000 - ₹2,000 / year",Yes (Boys & Girls),"₹4,500 - ₹6,000 / year"
"Government Polytechnic, Nagpur",Nagpur,Government,Mechanical Engineering,EWS,74.0,"₹3,875 / year",Yes (Boys & Girls),"₹4,500 - ₹6,000 / year"
"Government Polytechnic, Nagpur",Nagpur,Government,Mechanical Engineering,NT-A,69.0,"₹3,875 / year",Yes (Boys & Girls),"₹4,500 - ₹6,000 / year"
"Government Polytechnic, Nagpur",Nagpur,Government,Mechanical Engineering,NT-B,69.0,"₹3,875 / year",Yes (Boys & Girls),"₹4,500 - ₹6,000 / year"
"Government Polytechnic, Nagpur",Nagpur,Government,Mechanical Engineering,NT-C,69.0,"₹3,875 / year",Yes (Boys & Girls),"₹4,500 - ₹6,000 / year"
"Government Polytechnic, Nagpur",Nagpur,Government,Mechanical Engineering,NT-D,69.0,"₹3,875 / year",Yes (Boys & Girls),"₹4,500 - ₹6,000 / year"
"Government Polytechnic, Nagpur",Nagpur,Government,Mechanical Engineering,VJ/DT,69.0,"₹3,875 / year",Yes (Boys & Girls),"₹4,500 - ₹6,000 / year"
"Government Polytechnic, Nagpur",Nagpur,Government,Mechanical Engineering,TFWS,81.0,"₹1,000 - ₹2,000 / year",Yes (Boys & Girls),"₹4,500 - ₹6,000 / year"
"Government Polytechnic, Nagpur",Nagpur,Government,Civil Engineering,OPEN,76.0,"₹7,750 / year",Yes (Boys & Girls),"₹4,500 - ₹6,000 / year"
"Government Polytechnic, Nagpur",Nagpur,Government,Civil Engineering,OBC,72.0,"₹3,875 / year",Yes (Boys & Girls),"₹4,500 - ₹6,000 / year"
"Government Polytechnic, Nagpur",Nagpur,Government,Civil Engineering,SC,66.0,"₹1,000 - ₹2,000 / year",Yes (Boys & Girls),"₹4,500 - ₹6,000 / year"
"Government Polytechnic, Nagpur",Nagpur,Government,Civil Engineering,ST,58.0,"₹1,000 - ₹2,000 / year",Yes (Boys & Girls),"₹4,500 - ₹6,000 / year"
"Government Polytechnic, Nagpur",Nagpur,Government,Civil Engineering,EWS,74.0,"₹3,875 / year",Yes (Boys & Girls),"₹4,500 - ₹6,000 / year"
"Government Polytechnic, Nagpur",Nagpur,Government,Civil Engineering,NT-A,69.0,"₹3,875 / year",Yes (Boys & Girls),"₹4,500 - ₹6,000 / year"
"Government Polytechnic, Nagpur",Nagpur,Government,Civil Engineering,NT-B,69.0,"₹3,875 / year",Yes (Boys & Girls),"₹4,500 - ₹6,000 / year"
"Government Polytechnic, Nagpur",Nagpur,Government,Civil Engineering,NT-C,69.0,"₹3,875 / year",Yes (Boys & Girls),"₹4,500 - ₹6,000 / year"
"Government Polytechnic, Nagpur",Nagpur,Government,Civil Engineering,NT-D,69.0,"₹3,875 / year",Yes (Boys & Girls),"₹4,500 - ₹6,000 / year"
"Government Polytechnic, Nagpur",Nagpur,Government,Civil Engineering,VJ/DT,69.0,"₹3,875 / year",Yes (Boys & Girls),"₹4,500 - ₹6,000 / year"
"Government Polytechnic, Nagpur",Nagpur,Government,Civil Engineering,TFWS,81.0,"₹1,000 - ₹2,000 / year",Yes (Boys & Girls),"₹4,500 - ₹6,000 / year"
"Government Polytechnic, Nagpur",Nagpur,Government,Chemical Engineering,OPEN,76.0,"₹7,750 / year",Yes (Boys & Girls),"₹4,500 - ₹6,000 / year"
"Government Polytechnic, Nagpur",Nagpur,Government,Chemical Engineering,OBC,72.0,"₹3,875 / year",Yes (Boys & Girls),"₹4,500 - ₹6,000 / year"
"Government Polytechnic, Nagpur",Nagpur,Government,Chemical Engineering,SC,66.0,"₹1,000 - ₹2,000 / year",Yes (Boys & Girls),"₹4,500 - ₹6,000 / year"
"Government Polytechnic, Nagpur",Nagpur,Government,Chemical Engineering,ST,58.0,"₹1,000 - ₹2,000 / year",Yes (Boys & Girls),"₹4,500 - ₹6,000 / year"
"Government Polytechnic, Nagpur",Nagpur,Government,Chemical Engineering,EWS,74.0,"₹3,875 / year",Yes (Boys & Girls),"₹4,500 - ₹6,000 / year"
"Government Polytechnic, Nagpur",Nagpur,Government,Chemical Engineering,NT-A,69.0,"₹3,875 / year",Yes (Boys & Girls),"₹4,500 - ₹6,000 / year"
"Government Polytechnic, Nagpur",Nagpur,Government,Chemical Engineering,NT-B,69.0,"₹3,875 / year",Yes (Boys & Girls),"₹4,500 - ₹6,000 / year"
"Government Polytechnic, Nagpur",Nagpur,Government,Chemical Engineering,NT-C,69.0,"₹3,875 / year",Yes (Boys & Girls),"₹4,500 - ₹6,000 / year"
"Government Polytechnic, Nagpur",Nagpur,Government,Chemical Engineering,NT-D,69.0,"₹3,875 / year",Yes (Boys & Girls),"₹4,500 - ₹6,000 / year"
"Government Polytechnic, Nagpur",Nagpur,Government,Chemical Engineering,VJ/DT,69.0,"₹3,875 / year",Yes (Boys & Girls),"₹4,500 - ₹6,000 / year"
"Government Polytechnic, Nagpur",Nagpur,Government,Chemical Engineering,TFWS,81.0,"₹1,000 - ₹2,000 / year",Yes (Boys & Girls),"₹4,500 - ₹6,000 / year"
"Government Polytechnic, Nagpur",Nagpur,Government,Automobile Engineering,OPEN,76.0,"₹7,750 / year",Yes (Boys & Girls),"₹4,500 - ₹6,000 / year"
"Government Polytechnic, Nagpur",Nagpur,Government,Automobile Engineering,OBC,72.0,"₹3,875 / year",Yes (Boys & Girls),"₹4,500 - ₹6,000 / year"
"Government Polytechnic, Nagpur",Nagpur,Government,Automobile Engineering,SC,66.0,"₹1,000 - ₹2,000 / year",Yes (Boys & Girls),"₹4,500 - ₹6,000 / year"
"Government Polytechnic, Nagpur",Nagpur,Government,Automobile Engineering,ST,58.0,"₹1,000 - ₹2,000 / year",Yes (Boys & Girls),"₹4,500 - ₹6,000 / year"
"Government Polytechnic, Nagpur",Nagpur,Government,Automobile Engineering,EWS,74.0,"₹3,875 / year",Yes (Boys & Girls),"₹4,500 - ₹6,000 / year"
"Government Polytechnic, Nagpur",Nagpur,Government,Automobile Engineering,NT-A,69.0,"₹3,875 / year",Yes (Boys & Girls),"₹4,500 - ₹6,000 / year"
"Government Polytechnic, Nagpur",Nagpur,Government,Automobile Engineering,NT-B,69.0,"₹3,875 / year",Yes (Boys & Girls),"₹4,500 - ₹6,000 / year"
"Government Polytechnic, Nagpur",Nagpur,Government,Automobile Engineering,NT-C,69.0,"₹3,875 / year",Yes (Boys & Girls),"₹4,500 - ₹6,000 / year"
"Government Polytechnic, Nagpur",Nagpur,Government,Automobile Engineering,NT-D,69.0,"₹3,875 / year",Yes (Boys & Girls),"₹4,500 - ₹6,000 / year"
"Government Polytechnic, Nagpur",Nagpur,Government,Automobile Engineering,VJ/DT,69.0,"₹3,875 / year",Yes (Boys & Girls),"₹4,500 - ₹6,000 / year"
"Government Polytechnic, Nagpur",Nagpur,Government,Automobile Engineering,TFWS,81.0,"₹1,000 - ₹2,000 / year",Yes (Boys & Girls),"₹4,500 - ₹6,000 / year"
"Anjuman Polytechnic, Nagpur",Nagpur,Private (Minority),Computer Engineering,OPEN,68.0,"₹48,000 / year",Yes (Boys Only),"₹35,000 / year"
"Anjuman Polytechnic, Nagpur",Nagpur,Private (Minority),Computer Engineering,OBC,64.0,"₹24,000 / year",Yes (Boys Only),"₹35,000 / year"
"Anjuman Polytechnic, Nagpur",Nagpur,Private (Minority),Computer Engineering,SC,58.0,"₹1,000 - ₹2,000 / year",Yes (Boys Only),"₹35,000 / year"
"Anjuman Polytechnic, Nagpur",Nagpur,Private (Minority),Computer Engineering,ST,50.0,"₹1,000 - ₹2,000 / year",Yes (Boys Only),"₹35,000 / year"
"Anjuman Polytechnic, Nagpur",Nagpur,Private (Minority),Computer Engineering,EWS,66.0,"₹24,000 / year",Yes (Boys Only),"₹35,000 / year"
"Anjuman Polytechnic, Nagpur",Nagpur,Private (Minority),Computer Engineering,NT-A,61.0,"₹24,000 / year",Yes (Boys Only),"₹35,000 / year"
"Anjuman Polytechnic, Nagpur",Nagpur,Private (Minority),Computer Engineering,NT-B,61.0,"₹24,000 / year",Yes (Boys Only),"₹35,000 / year"
"Anjuman Polytechnic, Nagpur",Nagpur,Private (Minority),Computer Engineering,NT-C,61.0,"₹24,000 / year",Yes (Boys Only),"₹35,000 / year"
"Anjuman Polytechnic, Nagpur",Nagpur,Private (Minority),Computer Engineering,NT-D,61.0,"₹24,000 / year",Yes (Boys Only),"₹35,000 / year"
"Anjuman Polytechnic, Nagpur",Nagpur,Private (Minority),Computer Engineering,VJ/DT,61.0,"₹24,000 / year",Yes (Boys Only),"₹35,000 / year"
"Anjuman Polytechnic, Nagpur",Nagpur,Private (Minority),Computer Engineering,TFWS,73.0,"₹1,000 - ₹2,000 / year",Yes (Boys Only),"₹35,000 / year"
"Anjuman Polytechnic, Nagpur",Nagpur,Private (Minority),Information Technology,OPEN,66.0,"₹48,000 / year",Yes (Boys Only),"₹35,000 / year"
"Anjuman Polytechnic, Nagpur",Nagpur,Private (Minority),Information Technology,OBC,62.0,"₹24,000 / year",Yes (Boys Only),"₹35,000 / year"
"Anjuman Polytechnic, Nagpur",Nagpur,Private (Minority),Information Technology,SC,56.0,"₹1,000 - ₹2,000 / year",Yes (Boys Only),"₹35,000 / year"
"Anjuman Polytechnic, Nagpur",Nagpur,Private (Minority),Information Technology,ST,48.0,"₹1,000 - ₹2,000 / year",Yes (Boys Only),"₹35,000 / year"
"Anjuman Polytechnic, Nagpur",Nagpur,Private (Minority),Information Technology,EWS,64.0,"₹24,000 / year",Yes (Boys Only),"₹35,000 / year"
"Anjuman Polytechnic, Nagpur",Nagpur,Private (Minority),Information Technology,NT-A,59.0,"₹24,000 / year",Yes (Boys Only),"₹35,000 / year"
"Anjuman Polytechnic, Nagpur",Nagpur,Private (Minority),Information Technology,NT-B,59.0,"₹24,000 / year",Yes (Boys Only),"₹35,000 / year"
"Anjuman Polytechnic, Nagpur",Nagpur,Private (Minority),Information Technology,NT-C,59.0,"₹24,000 / year",Yes (Boys Only),"₹35,000 / year"
"Anjuman Polytechnic, Nagpur",Nagpur,Private (Minority),Information Technology,NT-D,59.0,"₹24,000 / year",Yes (Boys Only),"₹35,000 / year"
"Anjuman Polytechnic, Nagpur",Nagpur,Private (Minority),Information Technology,VJ/DT,59.0,"₹24,000 / year",Yes (Boys Only),"₹35,000 / year"
"Anjuman Polytechnic, Nagpur",Nagpur,Private (Minority),Information Technology,TFWS,71.0,"₹1,000 - ₹2,000 / year",Yes (Boys Only),"₹35,000 / year"
"Anjuman Polytechnic, Nagpur",Nagpur,Private (Minority),Artificial Intelligence & Data Science,OPEN,66.0,"₹48,000 / year",Yes (Boys Only),"₹35,000 / year"
"Anjuman Polytechnic, Nagpur",Nagpur,Private (Minority),Artificial Intelligence & Data Science,OBC,62.0,"₹24,000 / year",Yes (Boys Only),"₹35,000 / year"
"Anjuman Polytechnic, Nagpur",Nagpur,Private (Minority),Artificial Intelligence & Data Science,SC,56.0,"₹1,000 - ₹2,000 / year",Yes (Boys Only),"₹35,000 / year"
"Anjuman Polytechnic, Nagpur",Nagpur,Private (Minority),Artificial Intelligence & Data Science,ST,48.0,"₹1,000 - ₹2,000 / year",Yes (Boys Only),"₹35,000 / year"
"Anjuman Polytechnic, Nagpur",Nagpur,Private (Minority),Artificial Intelligence & Data Science,EWS,64.0,"₹24,000 / year",Yes (Boys Only),"₹35,000 / year"
"Anjuman Polytechnic, Nagpur",Nagpur,Private (Minority),Artificial Intelligence & Data Science,NT-A,59.0,"₹24,000 / year",Yes (Boys Only),"₹35,000 / year"
"Anjuman Polytechnic, Nagpur",Nagpur,Private (Minority),Artificial Intelligence & Data Science,NT-B,59.0,"₹24,000 / year",Yes (Boys Only),"₹35,000 / year"
"Anjuman Polytechnic, Nagpur",Nagpur,Private (Minority),Artificial Intelligence & Data Science,NT-C,59.0,"₹24,000 / year",Yes (Boys Only),"₹35,000 / year"
"Anjuman Polytechnic, Nagpur",Nagpur,Private (Minority),Artificial Intelligence & Data Science,NT-D,59.0,"₹24,000 / year",Yes (Boys Only),"₹35,000 / year"
"Anjuman Polytechnic, Nagpur",Nagpur,Private (Minority),Artificial Intelligence & Data Science,VJ/DT,59.0,"₹24,000 / year",Yes (Boys Only),"₹35,000 / year"
"Anjuman Polytechnic, Nagpur",Nagpur,Private (Minority),Artificial Intelligence & Data Science,TFWS,71.0,"₹1,000 - ₹2,000 / year",Yes (Boys Only),"₹35,000 / year"
"Anjuman Polytechnic, Nagpur",Nagpur,Private (Minority),Electronics & Telecommunication,OPEN,62.0,"₹48,000 / year",Yes (Boys Only),"₹35,000 / year"
"Anjuman Polytechnic, Nagpur",Nagpur,Private (Minority),Electronics & Telecommunication,OBC,58.0,"₹24,000 / year",Yes (Boys Only),"₹35,000 / year"
"Anjuman Polytechnic, Nagpur",Nagpur,Private (Minority),Electronics & Telecommunication,SC,52.0,"₹1,000 - ₹2,000 / year",Yes (Boys Only),"₹35,000 / year"
"Anjuman Polytechnic, Nagpur",Nagpur,Private (Minority),Electronics & Telecommunication,ST,44.0,"₹1,000 - ₹2,000 / year",Yes (Boys Only),"₹35,000 / year"
"Anjuman Polytechnic, Nagpur",Nagpur,Private (Minority),Electronics & Telecommunication,EWS,60.0,"₹24,000 / year",Yes (Boys Only),"₹35,000 / year"
"Anjuman Polytechnic, Nagpur",Nagpur,Private (Minority),Electronics & Telecommunication,NT-A,55.0,"₹24,000 / year",Yes (Boys Only),"₹35,000 / year"
"Anjuman Polytechnic, Nagpur",Nagpur,Private (Minority),Electronics & Telecommunication,NT-B,55.0,"₹24,000 / year",Yes (Boys Only),"₹35,000 / year"
"Anjuman Polytechnic, Nagpur",Nagpur,Private (Minority),Electronics & Telecommunication,NT-C,55.0,"₹24,000 / year",Yes (Boys Only),"₹35,000 / year"
"Anjuman Polytechnic, Nagpur",Nagpur,Private (Minority),Electronics & Telecommunication,NT-D,55.0,"₹24,000 / year",Yes (Boys Only),"₹35,000 / year"
"Anjuman Polytechnic, Nagpur",Nagpur,Private (Minority),Electronics & Telecommunication,VJ/DT,55.0,"₹24,000 / year",Yes (Boys Only),"₹35,000 / year"
"Anjuman Polytechnic, Nagpur",Nagpur,Private (Minority),Electronics & Telecommunication,TFWS,67.0,"₹1,000 - ₹2,000 / year",Yes (Boys Only),"₹35,000 / year"
"Anjuman Polytechnic, Nagpur",Nagpur,Private (Minority),Electrical Engineering,OPEN,62.0,"₹48,000 / year",Yes (Boys Only),"₹35,000 / year"
"Anjuman Polytechnic, Nagpur",Nagpur,Private (Minority),Electrical Engineering,OBC,58.0,"₹24,000 / year",Yes (Boys Only),"₹35,000 / year"
"Anjuman Polytechnic, Nagpur",Nagpur,Private (Minority),Electrical Engineering,SC,52.0,"₹1,000 - ₹2,000 / year",Yes (Boys Only),"₹35,000 / year"
"Anjuman Polytechnic, Nagpur",Nagpur,Private (Minority),Electrical Engineering,ST,44.0,"₹1,000 - ₹2,000 / year",Yes (Boys Only),"₹35,000 / year"
"Anjuman Polytechnic, Nagpur",Nagpur,Private (Minority),Electrical Engineering,EWS,60.0,"₹24,000 / year",Yes (Boys Only),"₹35,000 / year"
"Anjuman Polytechnic, Nagpur",Nagpur,Private (Minority),Electrical Engineering,NT-A,55.0,"₹24,000 / year",Yes (Boys Only),"₹35,000 / year"
"Anjuman Polytechnic, Nagpur",Nagpur,Private (Minority),Electrical Engineering,NT-B,55.0,"₹24,000 / year",Yes (Boys Only),"₹35,000 / year"
"Anjuman Polytechnic, Nagpur",Nagpur,Private (Minority),Electrical Engineering,NT-C,55.0,"₹24,000 / year",Yes (Boys Only),"₹35,000 / year"
"Anjuman Polytechnic, Nagpur",Nagpur,Private (Minority),Electrical Engineering,NT-D,55.0,"₹24,000 / year",Yes (Boys Only),"₹35,000 / year"
"Anjuman Polytechnic, Nagpur",Nagpur,Private (Minority),Electrical Engineering,VJ/DT,55.0,"₹24,000 / year",Yes (Boys Only),"₹35,000 / year"
"Anjuman Polytechnic, Nagpur",Nagpur,Private (Minority),Electrical Engineering,TFWS,67.0,"₹1,000 - ₹2,000 / year",Yes (Boys Only),"₹35,000 / year"
"Anjuman Polytechnic, Nagpur",Nagpur,Private (Minority),Mechanical Engineering,OPEN,60.0,"₹48,000 / year",Yes (Boys Only),"₹35,000 / year"
"Anjuman Polytechnic, Nagpur",Nagpur,Private (Minority),Mechanical Engineering,OBC,56.0,"₹24,000 / year",Yes (Boys Only),"₹35,000 / year"
"Anjuman Polytechnic, Nagpur",Nagpur,Private (Minority),Mechanical Engineering,SC,50.0,"₹1,000 - ₹2,000 / year",Yes (Boys Only),"₹35,000 / year"
"Anjuman Polytechnic, Nagpur",Nagpur,Private (Minority),Mechanical Engineering,ST,42.0,"₹1,000 - ₹2,000 / year",Yes (Boys Only),"₹35,000 / year"
"Anjuman Polytechnic, Nagpur",Nagpur,Private (Minority),Mechanical Engineering,EWS,58.0,"₹24,000 / year",Yes (Boys Only),"₹35,000 / year"
"Anjuman Polytechnic, Nagpur",Nagpur,Private (Minority),Mechanical Engineering,NT-A,53.0,"₹24,000 / year",Yes (Boys Only),"₹35,000 / year"
"Anjuman Polytechnic, Nagpur",Nagpur,Private (Minority),Mechanical Engineering,NT-B,53.0,"₹24,000 / year",Yes (Boys Only),"₹35,000 / year"
"Anjuman Polytechnic, Nagpur",Nagpur,Private (Minority),Mechanical Engineering,NT-C,53.0,"₹24,000 / year",Yes (Boys Only),"₹35,000 / year"
"Anjuman Polytechnic, Nagpur",Nagpur,Private (Minority),Mechanical Engineering,NT-D,53.0,"₹24,000 / year",Yes (Boys Only),"₹35,000 / year"
"Anjuman Polytechnic, Nagpur",Nagpur,Private (Minority),Mechanical Engineering,VJ/DT,53.0,"₹24,000 / year",Yes (Boys Only),"₹35,000 / year"
"Anjuman Polytechnic, Nagpur",Nagpur,Private (Minority),Mechanical Engineering,TFWS,65.0,"₹1,000 - ₹2,000 / year",Yes (Boys Only),"₹35,000 / year"
"Anjuman Polytechnic, Nagpur",Nagpur,Private (Minority),Civil Engineering,OPEN,60.0,"₹48,000 / year",Yes (Boys Only),"₹35,000 / year"
"Anjuman Polytechnic, Nagpur",Nagpur,Private (Minority),Civil Engineering,OBC,56.0,"₹24,000 / year",Yes (Boys Only),"₹35,000 / year"
"Anjuman Polytechnic, Nagpur",Nagpur,Private (Minority),Civil Engineering,SC,50.0,"₹1,000 - ₹2,000 / year",Yes (Boys Only),"₹35,000 / year"
"Anjuman Polytechnic, Nagpur",Nagpur,Private (Minority),Civil Engineering,ST,42.0,"₹1,000 - ₹2,000 / year",Yes (Boys Only),"₹35,000 / year"
"Anjuman Polytechnic, Nagpur",Nagpur,Private (Minority),Civil Engineering,EWS,58.0,"₹24,000 / year",Yes (Boys Only),"₹35,000 / year"
"Anjuman Polytechnic, Nagpur",Nagpur,Private (Minority),Civil Engineering,NT-A,53.0,"₹24,000 / year",Yes (Boys Only),"₹35,000 / year"
"Anjuman Polytechnic, Nagpur",Nagpur,Private (Minority),Civil Engineering,NT-B,53.0,"₹24,000 / year",Yes (Boys Only),"₹35,000 / year"
"Anjuman Polytechnic, Nagpur",Nagpur,Private (Minority),Civil Engineering,NT-C,53.0,"₹24,000 / year",Yes (Boys Only),"₹35,000 / year"
"Anjuman Polytechnic, Nagpur",Nagpur,Private (Minority),Civil Engineering,NT-D,53.0,"₹24,000 / year",Yes (Boys Only),"₹35,000 / year"
"Anjuman Polytechnic, Nagpur",Nagpur,Private (Minority),Civil Engineering,VJ/DT,53.0,"₹24,000 / year",Yes (Boys Only),"₹35,000 / year"
"Anjuman Polytechnic, Nagpur",Nagpur,Private (Minority),Civil Engineering,TFWS,65.0,"₹1,000 - ₹2,000 / year",Yes (Boys Only),"₹35,000 / year"
"Anjuman Polytechnic, Nagpur",Nagpur,Private (Minority),Chemical Engineering,OPEN,60.0,"₹48,000 / year",Yes (Boys Only),"₹35,000 / year"
"Anjuman Polytechnic, Nagpur",Nagpur,Private (Minority),Chemical Engineering,OBC,56.0,"₹24,000 / year",Yes (Boys Only),"₹35,000 / year"
"Anjuman Polytechnic, Nagpur",Nagpur,Private (Minority),Chemical Engineering,SC,50.0,"₹1,000 - ₹2,000 / year",Yes (Boys Only),"₹35,000 / year"
"Anjuman Polytechnic, Nagpur",Nagpur,Private (Minority),Chemical Engineering,ST,42.0,"₹1,000 - ₹2,000 / year",Yes (Boys Only),"₹35,000 / year"
"Anjuman Polytechnic, Nagpur",Nagpur,Private (Minority),Chemical Engineering,EWS,58.0,"₹24,000 / year",Yes (Boys Only),"₹35,000 / year"
"Anjuman Polytechnic, Nagpur",Nagpur,Private (Minority),Chemical Engineering,NT-A,53.0,"₹24,000 / year",Yes (Boys Only),"₹35,000 / year"
"Anjuman Polytechnic, Nagpur",Nagpur,Private (Minority),Chemical Engineering,NT-B,53.0,"₹24,000 / year",Yes (Boys Only),"₹35,000 / year"
"Anjuman Polytechnic, Nagpur",Nagpur,Private (Minority),Chemical Engineering,NT-C,53.0,"₹24,000 / year",Yes (Boys Only),"₹35,000 / year"
"Anjuman Polytechnic, Nagpur",Nagpur,Private (Minority),Chemical Engineering,NT-D,53.0,"₹24,000 / year",Yes (Boys Only),"₹35,000 / year"
"Anjuman Polytechnic, Nagpur",Nagpur,Private (Minority),Chemical Engineering,VJ/DT,53.0,"₹24,000 / year",Yes (Boys Only),"₹35,000 / year"
"Anjuman Polytechnic, Nagpur",Nagpur,Private (Minority),Chemical Engineering,TFWS,65.0,"₹1,000 - ₹2,000 / year",Yes (Boys Only),"₹35,000 / year"
"Anjuman Polytechnic, Nagpur",Nagpur,Private (Minority),Automobile Engineering,OPEN,60.0,"₹48,000 / year",Yes (Boys Only),"₹35,000 / year"
"Anjuman Polytechnic, Nagpur",Nagpur,Private (Minority),Automobile Engineering,OBC,56.0,"₹24,000 / year",Yes (Boys Only),"₹35,000 / year"
"Anjuman Polytechnic, Nagpur",Nagpur,Private (Minority),Automobile Engineering,SC,50.0,"₹1,000 - ₹2,000 / year",Yes (Boys Only),"₹35,000 / year"
"Anjuman Polytechnic, Nagpur",Nagpur,Private (Minority),Automobile Engineering,ST,42.0,"₹1,000 - ₹2,000 / year",Yes (Boys Only),"₹35,000 / year"
"Anjuman Polytechnic, Nagpur",Nagpur,Private (Minority),Automobile Engineering,EWS,58.0,"₹24,000 / year",Yes (Boys Only),"₹35,000 / year"
"Anjuman Polytechnic, Nagpur",Nagpur,Private (Minority),Automobile Engineering,NT-A,53.0,"₹24,000 / year",Yes (Boys Only),"₹35,000 / year"
"Anjuman Polytechnic, Nagpur",Nagpur,Private (Minority),Automobile Engineering,NT-B,53.0,"₹24,000 / year",Yes (Boys Only),"₹35,000 / year"
"Anjuman Polytechnic, Nagpur",Nagpur,Private (Minority),Automobile Engineering,NT-C,53.0,"₹24,000 / year",Yes (Boys Only),"₹35,000 / year"
"Anjuman Polytechnic, Nagpur",Nagpur,Private (Minority),Automobile Engineering,NT-D,53.0,"₹24,000 / year",Yes (Boys Only),"₹35,000 / year"
"Anjuman Polytechnic, Nagpur",Nagpur,Private (Minority),Automobile Engineering,VJ/DT,53.0,"₹24,000 / year",Yes (Boys Only),"₹35,000 / year"
"Anjuman Polytechnic, Nagpur",Nagpur,Private (Minority),Automobile Engineering,TFWS,65.0,"₹1,000 - ₹2,000 / year",Yes (Boys Only),"₹35,000 / year"
"Shri Datta Meghe Polytechnic, Nagpur",Nagpur,Private (Un-Aided),Computer Engineering,OPEN,74.0,"₹58,000 / year",Yes (Boys & Girls),"₹45,000 / year"
"Shri Datta Meghe Polytechnic, Nagpur",Nagpur,Private (Un-Aided),Computer Engineering,OBC,70.0,"₹29,000 / year",Yes (Boys & Girls),"₹45,000 / year"
"Shri Datta Meghe Polytechnic, Nagpur",Nagpur,Private (Un-Aided),Computer Engineering,SC,64.0,"₹1,000 - ₹2,000 / year",Yes (Boys & Girls),"₹45,000 / year"
"Shri Datta Meghe Polytechnic, Nagpur",Nagpur,Private (Un-Aided),Computer Engineering,ST,56.0,"₹1,000 - ₹2,000 / year",Yes (Boys & Girls),"₹45,000 / year"
"Shri Datta Meghe Polytechnic, Nagpur",Nagpur,Private (Un-Aided),Computer Engineering,EWS,72.0,"₹29,000 / year",Yes (Boys & Girls),"₹45,000 / year"
"Shri Datta Meghe Polytechnic, Nagpur",Nagpur,Private (Un-Aided),Computer Engineering,NT-A,67.0,"₹29,000 / year",Yes (Boys & Girls),"₹45,000 / year"
"Shri Datta Meghe Polytechnic, Nagpur",Nagpur,Private (Un-Aided),Computer Engineering,NT-B,67.0,"₹29,000 / year",Yes (Boys & Girls),"₹45,000 / year"
"Shri Datta Meghe Polytechnic, Nagpur",Nagpur,Private (Un-Aided),Computer Engineering,NT-C,67.0,"₹29,000 / year",Yes (Boys & Girls),"₹45,000 / year"
"Shri Datta Meghe Polytechnic, Nagpur",Nagpur,Private (Un-Aided),Computer Engineering,NT-D,67.0,"₹29,000 / year",Yes (Boys & Girls),"₹45,000 / year"
"Shri Datta Meghe Polytechnic, Nagpur",Nagpur,Private (Un-Aided),Computer Engineering,VJ/DT,67.0,"₹29,000 / year",Yes (Boys & Girls),"₹45,000 / year"
"Shri Datta Meghe Polytechnic, Nagpur",Nagpur,Private (Un-Aided),Computer Engineering,TFWS,79.0,"₹1,000 - ₹2,000 / year",Yes (Boys & Girls),"₹45,000 / year"
"Shri Datta Meghe Polytechnic, Nagpur",Nagpur,Private (Un-Aided),Information Technology,OPEN,72.0,"₹58,000 / year",Yes (Boys & Girls),"₹45,000 / year"
"Shri Datta Meghe Polytechnic, Nagpur",Nagpur,Private (Un-Aided),Information Technology,OBC,68.0,"₹29,000 / year",Yes (Boys & Girls),"₹45,000 / year"
"Shri Datta Meghe Polytechnic, Nagpur",Nagpur,Private (Un-Aided),Information Technology,SC,62.0,"₹1,000 - ₹2,000 / year",Yes (Boys & Girls),"₹45,000 / year"
"Shri Datta Meghe Polytechnic, Nagpur",Nagpur,Private (Un-Aided),Information Technology,ST,54.0,"₹1,000 - ₹2,000 / year",Yes (Boys & Girls),"₹45,000 / year"
"Shri Datta Meghe Polytechnic, Nagpur",Nagpur,Private (Un-Aided),Information Technology,EWS,70.0,"₹29,000 / year",Yes (Boys & Girls),"₹45,000 / year"
"Shri Datta Meghe Polytechnic, Nagpur",Nagpur,Private (Un-Aided),Information Technology,NT-A,65.0,"₹29,000 / year",Yes (Boys & Girls),"₹45,000 / year"
"Shri Datta Meghe Polytechnic, Nagpur",Nagpur,Private (Un-Aided),Information Technology,NT-B,65.0,"₹29,000 / year",Yes (Boys & Girls),"₹45,000 / year"
"Shri Datta Meghe Polytechnic, Nagpur",Nagpur,Private (Un-Aided),Information Technology,NT-C,65.0,"₹29,000 / year",Yes (Boys & Girls),"₹45,000 / year"
"Shri Datta Meghe Polytechnic, Nagpur",Nagpur,Private (Un-Aided),Information Technology,NT-D,65.0,"₹29,000 / year",Yes (Boys & Girls),"₹45,000 / year"
"Shri Datta Meghe Polytechnic, Nagpur",Nagpur,Private (Un-Aided),Information Technology,VJ/DT,65.0,"₹29,000 / year",Yes (Boys & Girls),"₹45,000 / year"
"Shri Datta Meghe Polytechnic, Nagpur",Nagpur,Private (Un-Aided),Information Technology,TFWS,77.0,"₹1,000 - ₹2,000 / year",Yes (Boys & Girls),"₹45,000 / year"
"Shri Datta Meghe Polytechnic, Nagpur",Nagpur,Private (Un-Aided),Artificial Intelligence & Data Science,OPEN,72.0,"₹58,000 / year",Yes (Boys & Girls),"₹45,000 / year"
"Shri Datta Meghe Polytechnic, Nagpur",Nagpur,Private (Un-Aided),Artificial Intelligence & Data Science,OBC,68.0,"₹29,000 / year",Yes (Boys & Girls),"₹45,000 / year"
"Shri Datta Meghe Polytechnic, Nagpur",Nagpur,Private (Un-Aided),Artificial Intelligence & Data Science,SC,62.0,"₹1,000 - ₹2,000 / year",Yes (Boys & Girls),"₹45,000 / year"
"Shri Datta Meghe Polytechnic, Nagpur",Nagpur,Private (Un-Aided),Artificial Intelligence & Data Science,ST,54.0,"₹1,000 - ₹2,000 / year",Yes (Boys & Girls),"₹45,000 / year"
"Shri Datta Meghe Polytechnic, Nagpur",Nagpur,Private (Un-Aided),Artificial Intelligence & Data Science,EWS,70.0,"₹29,000 / year",Yes (Boys & Girls),"₹45,000 / year"
"Shri Datta Meghe Polytechnic, Nagpur",Nagpur,Private (Un-Aided),Artificial Intelligence & Data Science,NT-A,65.0,"₹29,000 / year",Yes (Boys & Girls),"₹45,000 / year"
"Shri Datta Meghe Polytechnic, Nagpur",Nagpur,Private (Un-Aided),Artificial Intelligence & Data Science,NT-B,65.0,"₹29,000 / year",Yes (Boys & Girls),"₹45,000 / year"
"Shri Datta Meghe Polytechnic, Nagpur",Nagpur,Private (Un-Aided),Artificial Intelligence & Data Science,NT-C,65.0,"₹29,000 / year",Yes (Boys & Girls),"₹45,000 / year"
"Shri Datta Meghe Polytechnic, Nagpur",Nagpur,Private (Un-Aided),Artificial Intelligence & Data Science,NT-D,65.0,"₹29,000 / year",Yes (Boys & Girls),"₹45,000 / year"
"Shri Datta Meghe Polytechnic, Nagpur",Nagpur,Private (Un-Aided),Artificial Intelligence & Data Science,VJ/DT,65.0,"₹29,000 / year",Yes (Boys & Girls),"₹45,000 / year"
"Shri Datta Meghe Polytechnic, Nagpur",Nagpur,Private (Un-Aided),Artificial Intelligence & Data Science,TFWS,77.0,"₹1,000 - ₹2,000 / year",Yes (Boys & Girls),"₹45,000 / year"
"Shri Datta Meghe Polytechnic, Nagpur",Nagpur,Private (Un-Aided),Electronics & Telecommunication,OPEN,68.0,"₹58,000 / year",Yes (Boys & Girls),"₹45,000 / year"
"Shri Datta Meghe Polytechnic, Nagpur",Nagpur,Private (Un-Aided),Electronics & Telecommunication,OBC,64.0,"₹29,000 / year",Yes (Boys & Girls),"₹45,000 / year"
"Shri Datta Meghe Polytechnic, Nagpur",Nagpur,Private (Un-Aided),Electronics & Telecommunication,SC,58.0,"₹1,000 - ₹2,000 / year",Yes (Boys & Girls),"₹45,000 / year"
"Shri Datta Meghe Polytechnic, Nagpur",Nagpur,Private (Un-Aided),Electronics & Telecommunication,ST,50.0,"₹1,000 - ₹2,000 / year",Yes (Boys & Girls),"₹45,000 / year"
"Shri Datta Meghe Polytechnic, Nagpur",Nagpur,Private (Un-Aided),Electronics & Telecommunication,EWS,66.0,"₹29,000 / year",Yes (Boys & Girls),"₹45,000 / year"
"Shri Datta Meghe Polytechnic, Nagpur",Nagpur,Private (Un-Aided),Electronics & Telecommunication,NT-A,61.0,"₹29,000 / year",Yes (Boys & Girls),"₹45,000 / year"
"Shri Datta Meghe Polytechnic, Nagpur",Nagpur,Private (Un-Aided),Electronics & Telecommunication,NT-B,61.0,"₹29,000 / year",Yes (Boys & Girls),"₹45,000 / year"
"Shri Datta Meghe Polytechnic, Nagpur",Nagpur,Private (Un-Aided),Electronics & Telecommunication,NT-C,61.0,"₹29,000 / year",Yes (Boys & Girls),"₹45,000 / year"
"Shri Datta Meghe Polytechnic, Nagpur",Nagpur,Private (Un-Aided),Electronics & Telecommunication,NT-D,61.0,"₹29,000 / year",Yes (Boys & Girls),"₹45,000 / year"
"Shri Datta Meghe Polytechnic, Nagpur",Nagpur,Private (Un-Aided),Electronics & Telecommunication,VJ/DT,61.0,"₹29,000 / year",Yes (Boys & Girls),"₹45,000 / year"
"Shri Datta Meghe Polytechnic, Nagpur",Nagpur,Private (Un-Aided),Electronics & Telecommunication,TFWS,73.0,"₹1,000 - ₹2,000 / year",Yes (Boys & Girls),"₹45,000 / year"
"Shri Datta Meghe Polytechnic, Nagpur",Nagpur,Private (Un-Aided),Electrical Engineering,OPEN,68.0,"₹58,000 / year",Yes (Boys & Girls),"₹45,000 / year"
"Shri Datta Meghe Polytechnic, Nagpur",Nagpur,Private (Un-Aided),Electrical Engineering,OBC,64.0,"₹29,000 / year",Yes (Boys & Girls),"₹45,000 / year"
"Shri Datta Meghe Polytechnic, Nagpur",Nagpur,Private (Un-Aided),Electrical Engineering,SC,58.0,"₹1,000 - ₹2,000 / year",Yes (Boys & Girls),"₹45,000 / year"
"Shri Datta Meghe Polytechnic, Nagpur",Nagpur,Private (Un-Aided),Electrical Engineering,ST,50.0,"₹1,000 - ₹2,000 / year",Yes (Boys & Girls),"₹45,000 / year"
"Shri Datta Meghe Polytechnic, Nagpur",Nagpur,Private (Un-Aided),Electrical Engineering,EWS,66.0,"₹29,000 / year",Yes (Boys & Girls),"₹45,000 / year"
"Shri Datta Meghe Polytechnic, Nagpur",Nagpur,Private (Un-Aided),Electrical Engineering,NT-A,61.0,"₹29,000 / year",Yes (Boys & Girls),"₹45,000 / year"
"Shri Datta Meghe Polytechnic, Nagpur",Nagpur,Private (Un-Aided),Electrical Engineering,NT-B,61.0,"₹29,000 / year",Yes (Boys & Girls),"₹45,000 / year"
"Shri Datta Meghe Polytechnic, Nagpur",Nagpur,Private (Un-Aided),Electrical Engineering,NT-C,61.0,"₹29,000 / year",Yes (Boys & Girls),"₹45,000 / year"
"Shri Datta Meghe Polytechnic, Nagpur",Nagpur,Private (Un-Aided),Electrical Engineering,NT-D,61.0,"₹29,000 / year",Yes (Boys & Girls),"₹45,000 / year"
"Shri Datta Meghe Polytechnic, Nagpur",Nagpur,Private (Un-Aided),Electrical Engineering,VJ/DT,61.0,"₹29,000 / year",Yes (Boys & Girls),"₹45,000 / year"
"Shri Datta Meghe Polytechnic, Nagpur",Nagpur,Private (Un-Aided),Electrical Engineering,TFWS,73.0,"₹1,000 - ₹2,000 / year",Yes (Boys & Girls),"₹45,000 / year"
"Shri Datta Meghe Polytechnic, Nagpur",Nagpur,Private (Un-Aided),Mechanical Engineering,OPEN,66.0,"₹58,000 / year",Yes (Boys & Girls),"₹45,000 / year"
"Shri Datta Meghe Polytechnic, Nagpur",Nagpur,Private (Un-Aided),Mechanical Engineering,OBC,62.0,"₹29,000 / year",Yes (Boys & Girls),"₹45,000 / year"
"Shri Datta Meghe Polytechnic, Nagpur",Nagpur,Private (Un-Aided),Mechanical Engineering,SC,56.0,"₹1,000 - ₹2,000 / year",Yes (Boys & Girls),"₹45,000 / year"
"Shri Datta Meghe Polytechnic, Nagpur",Nagpur,Private (Un-Aided),Mechanical Engineering,ST,48.0,"₹1,000 - ₹2,000 / year",Yes (Boys & Girls),"₹45,000 / year"
"Shri Datta Meghe Polytechnic, Nagpur",Nagpur,Private (Un-Aided),Mechanical Engineering,EWS,64.0,"₹29,000 / year",Yes (Boys & Girls),"₹45,000 / year"
"Shri Datta Meghe Polytechnic, Nagpur",Nagpur,Private (Un-Aided),Mechanical Engineering,NT-A,59.0,"₹29,000 / year",Yes (Boys & Girls),"₹45,000 / year"
"Shri Datta Meghe Polytechnic, Nagpur",Nagpur,Private (Un-Aided),Mechanical Engineering,NT-B,59.0,"₹29,000 / year",Yes (Boys & Girls),"₹45,000 / year"
"Shri Datta Meghe Polytechnic, Nagpur",Nagpur,Private (Un-Aided),Mechanical Engineering,NT-C,59.0,"₹29,000 / year",Yes (Boys & Girls),"₹45,000 / year"
"Shri Datta Meghe Polytechnic, Nagpur",Nagpur,Private (Un-Aided),Mechanical Engineering,NT-D,59.0,"₹29,000 / year",Yes (Boys & Girls),"₹45,000 / year"
"Shri Datta Meghe Polytechnic, Nagpur",Nagpur,Private (Un-Aided),Mechanical Engineering,VJ/DT,59.0,"₹29,000 / year",Yes (Boys & Girls),"₹45,000 / year"
"Shri Datta Meghe Polytechnic, Nagpur",Nagpur,Private (Un-Aided),Mechanical Engineering,TFWS,71.0,"₹1,000 - ₹2,000 / year",Yes (Boys & Girls),"₹45,000 / year"
"Shri Datta Meghe Polytechnic, Nagpur",Nagpur,Private (Un-Aided),Civil Engineering,OPEN,66.0,"₹58,000 / year",Yes (Boys & Girls),"₹45,000 / year"
"Shri Datta Meghe Polytechnic, Nagpur",Nagpur,Private (Un-Aided),Civil Engineering,OBC,62.0,"₹29,000 / year",Yes (Boys & Girls),"₹45,000 / year"
"Shri Datta Meghe Polytechnic, Nagpur",Nagpur,Private (Un-Aided),Civil Engineering,SC,56.0,"₹1,000 - ₹2,000 / year",Yes (Boys & Girls),"₹45,000 / year"
"Shri Datta Meghe Polytechnic, Nagpur",Nagpur,Private (Un-Aided),Civil Engineering,ST,48.0,"₹1,000 - ₹2,000 / year",Yes (Boys & Girls),"₹45,000 / year"
"Shri Datta Meghe Polytechnic, Nagpur",Nagpur,Private (Un-Aided),Civil Engineering,EWS,64.0,"₹29,000 / year",Yes (Boys & Girls),"₹45,000 / year"
"Shri Datta Meghe Polytechnic, Nagpur",Nagpur,Private (Un-Aided),Civil Engineering,NT-A,59.0,"₹29,000 / year",Yes (Boys & Girls),"₹45,000 / year"
"Shri Datta Meghe Polytechnic, Nagpur",Nagpur,Private (Un-Aided),Civil Engineering,NT-B,59.0,"₹29,000 / year",Yes (Boys & Girls),"₹45,000 / year"
"Shri Datta Meghe Polytechnic, Nagpur",Nagpur,Private (Un-Aided),Civil Engineering,NT-C,59.0,"₹29,000 / year",Yes (Boys & Girls),"₹45,000 / year"
"Shri Datta Meghe Polytechnic, Nagpur",Nagpur,Private (Un-Aided),Civil Engineering,NT-D,59.0,"₹29,000 / year",Yes (Boys & Girls),"₹45,000 / year"
"Shri Datta Meghe Polytechnic, Nagpur",Nagpur,Private (Un-Aided),Civil Engineering,VJ/DT,59.0,"₹29,000 / year",Yes (Boys & Girls),"₹45,000 / year"
"Shri Datta Meghe Polytechnic, Nagpur",Nagpur,Private (Un-Aided),Civil Engineering,TFWS,71.0,"₹1,000 - ₹2,000 / year",Yes (Boys & Girls),"₹45,000 / year"
"Shri Datta Meghe Polytechnic, Nagpur",Nagpur,Private (Un-Aided),Chemical Engineering,OPEN,66.0,"₹58,000 / year",Yes (Boys & Girls),"₹45,000 / year"
"Shri Datta Meghe Polytechnic, Nagpur",Nagpur,Private (Un-Aided),Chemical Engineering,OBC,62.0,"₹29,000 / year",Yes (Boys & Girls),"₹45,000 / year"
"Shri Datta Meghe Polytechnic, Nagpur",Nagpur,Private (Un-Aided),Chemical Engineering,SC,56.0,"₹1,000 - ₹2,000 / year",Yes (Boys & Girls),"₹45,000 / year"
"Shri Datta Meghe Polytechnic, Nagpur",Nagpur,Private (Un-Aided),Chemical Engineering,ST,48.0,"₹1,000 - ₹2,000 / year",Yes (Boys & Girls),"₹45,000 / year"
"Shri Datta Meghe Polytechnic, Nagpur",Nagpur,Private (Un-Aided),Chemical Engineering,EWS,64.0,"₹29,000 / year",Yes (Boys & Girls),"₹45,000 / year"
"Shri Datta Meghe Polytechnic, Nagpur",Nagpur,Private (Un-Aided),Chemical Engineering,NT-A,59.0,"₹29,000 / year",Yes (Boys & Girls),"₹45,000 / year"
"Shri Datta Meghe Polytechnic, Nagpur",Nagpur,Private (Un-Aided),Chemical Engineering,NT-B,59.0,"₹29,000 / year",Yes (Boys & Girls),"₹45,000 / year"
"Shri Datta Meghe Polytechnic, Nagpur",Nagpur,Private (Un-Aided),Chemical Engineering,NT-C,59.0,"₹29,000 / year",Yes (Boys & Girls),"₹45,000 / year"
"Shri Datta Meghe Polytechnic, Nagpur",Nagpur,Private (Un-Aided),Chemical Engineering,NT-D,59.0,"₹29,000 / year",Yes (Boys & Girls),"₹45,000 / year"
"Shri Datta Meghe Polytechnic, Nagpur",Nagpur,Private (Un-Aided),Chemical Engineering,VJ/DT,59.0,"₹29,000 / year",Yes (Boys & Girls),"₹45,000 / year"
"Shri Datta Meghe Polytechnic, Nagpur",Nagpur,Private (Un-Aided),Chemical Engineering,TFWS,71.0,"₹1,000 - ₹2,000 / year",Yes (Boys & Girls),"₹45,000 / year"
"Shri Datta Meghe Polytechnic, Nagpur",Nagpur,Private (Un-Aided),Automobile Engineering,OPEN,66.0,"₹58,000 / year",Yes (Boys & Girls),"₹45,000 / year"
"Shri Datta Meghe Polytechnic, Nagpur",Nagpur,Private (Un-Aided),Automobile Engineering,OBC,62.0,"₹29,000 / year",Yes (Boys & Girls),"₹45,000 / year"
"Shri Datta Meghe Polytechnic, Nagpur",Nagpur,Private (Un-Aided),Automobile Engineering,SC,56.0,"₹1,000 - ₹2,000 / year",Yes (Boys & Girls),"₹45,000 / year"
"Shri Datta Meghe Polytechnic, Nagpur",Nagpur,Private (Un-Aided),Automobile Engineering,ST,48.0,"₹1,000 - ₹2,000 / year",Yes (Boys & Girls),"₹45,000 / year"
"Shri Datta Meghe Polytechnic, Nagpur",Nagpur,Private (Un-Aided),Automobile Engineering,EWS,64.0,"₹29,000 / year",Yes (Boys & Girls),"₹45,000 / year"
"Shri Datta Meghe Polytechnic, Nagpur",Nagpur,Private (Un-Aided),Automobile Engineering,NT-A,59.0,"₹29,000 / year",Yes (Boys & Girls),"₹45,000 / year"
"Shri Datta Meghe Polytechnic, Nagpur",Nagpur,Private (Un-Aided),Automobile Engineering,NT-B,59.0,"₹29,000 / year",Yes (Boys & Girls),"₹45,000 / year"
"Shri Datta Meghe Polytechnic, Nagpur",Nagpur,Private (Un-Aided),Automobile Engineering,NT-C,59.0,"₹29,000 / year",Yes (Boys & Girls),"₹45,000 / year"
"Shri Datta Meghe Polytechnic, Nagpur",Nagpur,Private (Un-Aided),Automobile Engineering,NT-D,59.0,"₹29,000 / year",Yes (Boys & Girls),"₹45,000 / year"
"Shri Datta Meghe Polytechnic, Nagpur",Nagpur,Private (Un-Aided),Automobile Engineering,VJ/DT,59.0,"₹29,000 / year",Yes (Boys & Girls),"₹45,000 / year"
"Shri Datta Meghe Polytechnic, Nagpur",Nagpur,Private (Un-Aided),Automobile Engineering,TFWS,71.0,"₹1,000 - ₹2,000 / year",Yes (Boys & Girls),"₹45,000 / year"
"Government Polytechnic, Nanded",Nanded,Government,Computer Engineering,OPEN,82.0,"₹7,750 / year",Yes (Boys & Girls),"₹4,500 / year"
"Government Polytechnic, Nanded",Nanded,Government,Computer Engineering,OBC,78.0,"₹3,875 / year",Yes (Boys & Girls),"₹4,500 / year"
"Government Polytechnic, Nanded",Nanded,Government,Computer Engineering,SC,72.0,"₹1,000 - ₹2,000 / year",Yes (Boys & Girls),"₹4,500 / year"
"Government Polytechnic, Nanded",Nanded,Government,Computer Engineering,ST,64.0,"₹1,000 - ₹2,000 / year",Yes (Boys & Girls),"₹4,500 / year"
"Government Polytechnic, Nanded",Nanded,Government,Computer Engineering,EWS,80.0,"₹3,875 / year",Yes (Boys & Girls),"₹4,500 / year"
"Government Polytechnic, Nanded",Nanded,Government,Computer Engineering,NT-A,75.0,"₹3,875 / year",Yes (Boys & Girls),"₹4,500 / year"
"Government Polytechnic, Nanded",Nanded,Government,Computer Engineering,NT-B,75.0,"₹3,875 / year",Yes (Boys & Girls),"₹4,500 / year"
"Government Polytechnic, Nanded",Nanded,Government,Computer Engineering,NT-C,75.0,"₹3,875 / year",Yes (Boys & Girls),"₹4,500 / year"
"Government Polytechnic, Nanded",Nanded,Government,Computer Engineering,NT-D,75.0,"₹3,875 / year",Yes (Boys & Girls),"₹4,500 / year"
"Government Polytechnic, Nanded",Nanded,Government,Computer Engineering,VJ/DT,75.0,"₹3,875 / year",Yes (Boys & Girls),"₹4,500 / year"
"Government Polytechnic, Nanded",Nanded,Government,Computer Engineering,TFWS,87.0,"₹1,000 - ₹2,000 / year",Yes (Boys & Girls),"₹4,500 / year"
"Government Polytechnic, Nanded",Nanded,Government,Information Technology,OPEN,80.0,"₹7,750 / year",Yes (Boys & Girls),"₹4,500 / year"
"Government Polytechnic, Nanded",Nanded,Government,Information Technology,OBC,76.0,"₹3,875 / year",Yes (Boys & Girls),"₹4,500 / year"
"Government Polytechnic, Nanded",Nanded,Government,Information Technology,SC,70.0,"₹1,000 - ₹2,000 / year",Yes (Boys & Girls),"₹4,500 / year"
"Government Polytechnic, Nanded",Nanded,Government,Information Technology,ST,62.0,"₹1,000 - ₹2,000 / year",Yes (Boys & Girls),"₹4,500 / year"
"Government Polytechnic, Nanded",Nanded,Government,Information Technology,EWS,78.0,"₹3,875 / year",Yes (Boys & Girls),"₹4,500 / year"
"Government Polytechnic, Nanded",Nanded,Government,Information Technology,NT-A,73.0,"₹3,875 / year",Yes (Boys & Girls),"₹4,500 / year"
"Government Polytechnic, Nanded",Nanded,Government,Information Technology,NT-B,73.0,"₹3,875 / year",Yes (Boys & Girls),"₹4,500 / year"
"Government Polytechnic, Nanded",Nanded,Government,Information Technology,NT-C,73.0,"₹3,875 / year",Yes (Boys & Girls),"₹4,500 / year"
"Government Polytechnic, Nanded",Nanded,Government,Information Technology,NT-D,73.0,"₹3,875 / year",Yes (Boys & Girls),"₹4,500 / year"
"Government Polytechnic, Nanded",Nanded,Government,Information Technology,VJ/DT,73.0,"₹3,875 / year",Yes (Boys & Girls),"₹4,500 / year"
"Government Polytechnic, Nanded",Nanded,Government,Information Technology,TFWS,85.0,"₹1,000 - ₹2,000 / year",Yes (Boys & Girls),"₹4,500 / year"
"Government Polytechnic, Nanded",Nanded,Government,Artificial Intelligence & Data Science,OPEN,80.0,"₹7,750 / year",Yes (Boys & Girls),"₹4,500 / year"
"Government Polytechnic, Nanded",Nanded,Government,Artificial Intelligence & Data Science,OBC,76.0,"₹3,875 / year",Yes (Boys & Girls),"₹4,500 / year"
"Government Polytechnic, Nanded",Nanded,Government,Artificial Intelligence & Data Science,SC,70.0,"₹1,000 - ₹2,000 / year",Yes (Boys & Girls),"₹4,500 / year"
"Government Polytechnic, Nanded",Nanded,Government,Artificial Intelligence & Data Science,ST,62.0,"₹1,000 - ₹2,000 / year",Yes (Boys & Girls),"₹4,500 / year"
"Government Polytechnic, Nanded",Nanded,Government,Artificial Intelligence & Data Science,EWS,78.0,"₹3,875 / year",Yes (Boys & Girls),"₹4,500 / year"
"Government Polytechnic, Nanded",Nanded,Government,Artificial Intelligence & Data Science,NT-A,73.0,"₹3,875 / year",Yes (Boys & Girls),"₹4,500 / year"
"Government Polytechnic, Nanded",Nanded,Government,Artificial Intelligence & Data Science,NT-B,73.0,"₹3,875 / year",Yes (Boys & Girls),"₹4,500 / year"
"Government Polytechnic, Nanded",Nanded,Government,Artificial Intelligence & Data Science,NT-C,73.0,"₹3,875 / year",Yes (Boys & Girls),"₹4,500 / year"
"Government Polytechnic, Nanded",Nanded,Government,Artificial Intelligence & Data Science,NT-D,73.0,"₹3,875 / year",Yes (Boys & Girls),"₹4,500 / year"
"Government Polytechnic, Nanded",Nanded,Government,Artificial Intelligence & Data Science,VJ/DT,73.0,"₹3,875 / year",Yes (Boys & Girls),"₹4,500 / year"
"Government Polytechnic, Nanded",Nanded,Government,Artificial Intelligence & Data Science,TFWS,85.0,"₹1,000 - ₹2,000 / year",Yes (Boys & Girls),"₹4,500 / year"
"Government Polytechnic, Nanded",Nanded,Government,Electronics & Telecommunication,OPEN,76.0,"₹7,750 / year",Yes (Boys & Girls),"₹4,500 / year"
"Government Polytechnic, Nanded",Nanded,Government,Electronics & Telecommunication,OBC,72.0,"₹3,875 / year",Yes (Boys & Girls),"₹4,500 / year"
"Government Polytechnic, Nanded",Nanded,Government,Electronics & Telecommunication,SC,66.0,"₹1,000 - ₹2,000 / year",Yes (Boys & Girls),"₹4,500 / year"
"Government Polytechnic, Nanded",Nanded,Government,Electronics & Telecommunication,ST,58.0,"₹1,000 - ₹2,000 / year",Yes (Boys & Girls),"₹4,500 / year"
"Government Polytechnic, Nanded",Nanded,Government,Electronics & Telecommunication,EWS,74.0,"₹3,875 / year",Yes (Boys & Girls),"₹4,500 / year"
"Government Polytechnic, Nanded",Nanded,Government,Electronics & Telecommunication,NT-A,69.0,"₹3,875 / year",Yes (Boys & Girls),"₹4,500 / year"
"Government Polytechnic, Nanded",Nanded,Government,Electronics & Telecommunication,NT-B,69.0,"₹3,875 / year",Yes (Boys & Girls),"₹4,500 / year"
"Government Polytechnic, Nanded",Nanded,Government,Electronics & Telecommunication,NT-C,69.0,"₹3,875 / year",Yes (Boys & Girls),"₹4,500 / year"
"Government Polytechnic, Nanded",Nanded,Government,Electronics & Telecommunication,NT-D,69.0,"₹3,875 / year",Yes (Boys & Girls),"₹4,500 / year"
"Government Polytechnic, Nanded",Nanded,Government,Electronics & Telecommunication,VJ/DT,69.0,"₹3,875 / year",Yes (Boys & Girls),"₹4,500 / year"
"Government Polytechnic, Nanded",Nanded,Government,Electronics & Telecommunication,TFWS,81.0,"₹1,000 - ₹2,000 / year",Yes (Boys & Girls),"₹4,500 / year"
"Government Polytechnic, Nanded",Nanded,Government,Electrical Engineering,OPEN,76.0,"₹7,750 / year",Yes (Boys & Girls),"₹4,500 / year"
"Government Polytechnic, Nanded",Nanded,Government,Electrical Engineering,OBC,72.0,"₹3,875 / year",Yes (Boys & Girls),"₹4,500 / year"
"Government Polytechnic, Nanded",Nanded,Government,Electrical Engineering,SC,66.0,"₹1,000 - ₹2,000 / year",Yes (Boys & Girls),"₹4,500 / year"
"Government Polytechnic, Nanded",Nanded,Government,Electrical Engineering,ST,58.0,"₹1,000 - ₹2,000 / year",Yes (Boys & Girls),"₹4,500 / year"
"Government Polytechnic, Nanded",Nanded,Government,Electrical Engineering,EWS,74.0,"₹3,875 / year",Yes (Boys & Girls),"₹4,500 / year"
"Government Polytechnic, Nanded",Nanded,Government,Electrical Engineering,NT-A,69.0,"₹3,875 / year",Yes (Boys & Girls),"₹4,500 / year"
"Government Polytechnic, Nanded",Nanded,Government,Electrical Engineering,NT-B,69.0,"₹3,875 / year",Yes (Boys & Girls),"₹4,500 / year"
"Government Polytechnic, Nanded",Nanded,Government,Electrical Engineering,NT-C,69.0,"₹3,875 / year",Yes (Boys & Girls),"₹4,500 / year"
"Government Polytechnic, Nanded",Nanded,Government,Electrical Engineering,NT-D,69.0,"₹3,875 / year",Yes (Boys & Girls),"₹4,500 / year"
"Government Polytechnic, Nanded",Nanded,Government,Electrical Engineering,VJ/DT,69.0,"₹3,875 / year",Yes (Boys & Girls),"₹4,500 / year"
"Government Polytechnic, Nanded",Nanded,Government,Electrical Engineering,TFWS,81.0,"₹1,000 - ₹2,000 / year",Yes (Boys & Girls),"₹4,500 / year"
"Government Polytechnic, Nanded",Nanded,Government,Mechanical Engineering,OPEN,74.0,"₹7,750 / year",Yes (Boys & Girls),"₹4,500 / year"
"Government Polytechnic, Nanded",Nanded,Government,Mechanical Engineering,OBC,70.0,"₹3,875 / year",Yes (Boys & Girls),"₹4,500 / year"
"Government Polytechnic, Nanded",Nanded,Government,Mechanical Engineering,SC,64.0,"₹1,000 - ₹2,000 / year",Yes (Boys & Girls),"₹4,500 / year"
"Government Polytechnic, Nanded",Nanded,Government,Mechanical Engineering,ST,56.0,"₹1,000 - ₹2,000 / year",Yes (Boys & Girls),"₹4,500 / year"
"Government Polytechnic, Nanded",Nanded,Government,Mechanical Engineering,EWS,72.0,"₹3,875 / year",Yes (Boys & Girls),"₹4,500 / year"
"Government Polytechnic, Nanded",Nanded,Government,Mechanical Engineering,NT-A,67.0,"₹3,875 / year",Yes (Boys & Girls),"₹4,500 / year"
"Government Polytechnic, Nanded",Nanded,Government,Mechanical Engineering,NT-B,67.0,"₹3,875 / year",Yes (Boys & Girls),"₹4,500 / year"
"Government Polytechnic, Nanded",Nanded,Government,Mechanical Engineering,NT-C,67.0,"₹3,875 / year",Yes (Boys & Girls),"₹4,500 / year"
"Government Polytechnic, Nanded",Nanded,Government,Mechanical Engineering,NT-D,67.0,"₹3,875 / year",Yes (Boys & Girls),"₹4,500 / year"
"Government Polytechnic, Nanded",Nanded,Government,Mechanical Engineering,VJ/DT,67.0,"₹3,875 / year",Yes (Boys & Girls),"₹4,500 / year"
"Government Polytechnic, Nanded",Nanded,Government,Mechanical Engineering,TFWS,79.0,"₹1,000 - ₹2,000 / year",Yes (Boys & Girls),"₹4,500 / year"
"Government Polytechnic, Nanded",Nanded,Government,Civil Engineering,OPEN,74.0,"₹7,750 / year",Yes (Boys & Girls),"₹4,500 / year"
"Government Polytechnic, Nanded",Nanded,Government,Civil Engineering,OBC,70.0,"₹3,875 / year",Yes (Boys & Girls),"₹4,500 / year"
"Government Polytechnic, Nanded",Nanded,Government,Civil Engineering,SC,64.0,"₹1,000 - ₹2,000 / year",Yes (Boys & Girls),"₹4,500 / year"
"Government Polytechnic, Nanded",Nanded,Government,Civil Engineering,ST,56.0,"₹1,000 - ₹2,000 / year",Yes (Boys & Girls),"₹4,500 / year"
"Government Polytechnic, Nanded",Nanded,Government,Civil Engineering,EWS,72.0,"₹3,875 / year",Yes (Boys & Girls),"₹4,500 / year"
"Government Polytechnic, Nanded",Nanded,Government,Civil Engineering,NT-A,67.0,"₹3,875 / year",Yes (Boys & Girls),"₹4,500 / year"
"Government Polytechnic, Nanded",Nanded,Government,Civil Engineering,NT-B,67.0,"₹3,875 / year",Yes (Boys & Girls),"₹4,500 / year"
"Government Polytechnic, Nanded",Nanded,Government,Civil Engineering,NT-C,67.0,"₹3,875 / year",Yes (Boys & Girls),"₹4,500 / year"
"Government Polytechnic, Nanded",Nanded,Government,Civil Engineering,NT-D,67.0,"₹3,875 / year",Yes (Boys & Girls),"₹4,500 / year"
"Government Polytechnic, Nanded",Nanded,Government,Civil Engineering,VJ/DT,67.0,"₹3,875 / year",Yes (Boys & Girls),"₹4,500 / year"
"Government Polytechnic, Nanded",Nanded,Government,Civil Engineering,TFWS,79.0,"₹1,000 - ₹2,000 / year",Yes (Boys & Girls),"₹4,500 / year"
"Government Polytechnic, Nanded",Nanded,Government,Chemical Engineering,OPEN,74.0,"₹7,750 / year",Yes (Boys & Girls),"₹4,500 / year"
"Government Polytechnic, Nanded",Nanded,Government,Chemical Engineering,OBC,70.0,"₹3,875 / year",Yes (Boys & Girls),"₹4,500 / year"
"Government Polytechnic, Nanded",Nanded,Government,Chemical Engineering,SC,64.0,"₹1,000 - ₹2,000 / year",Yes (Boys & Girls),"₹4,500 / year"
"Government Polytechnic, Nanded",Nanded,Government,Chemical Engineering,ST,56.0,"₹1,000 - ₹2,000 / year",Yes (Boys & Girls),"₹4,500 / year"
"Government Polytechnic, Nanded",Nanded,Government,Chemical Engineering,EWS,72.0,"₹3,875 / year",Yes (Boys & Girls),"₹4,500 / year"
"Government Polytechnic, Nanded",Nanded,Government,Chemical Engineering,NT-A,67.0,"₹3,875 / year",Yes (Boys & Girls),"₹4,500 / year"
"Government Polytechnic, Nanded",Nanded,Government,Chemical Engineering,NT-B,67.0,"₹3,875 / year",Yes (Boys & Girls),"₹4,500 / year"
"Government Polytechnic, Nanded",Nanded,Government,Chemical Engineering,NT-C,67.0,"₹3,875 / year",Yes (Boys & Girls),"₹4,500 / year"
"Government Polytechnic, Nanded",Nanded,Government,Chemical Engineering,NT-D,67.0,"₹3,875 / year",Yes (Boys & Girls),"₹4,500 / year"
"Government Polytechnic, Nanded",Nanded,Government,Chemical Engineering,VJ/DT,67.0,"₹3,875 / year",Yes (Boys & Girls),"₹4,500 / year"
"Government Polytechnic, Nanded",Nanded,Government,Chemical Engineering,TFWS,79.0,"₹1,000 - ₹2,000 / year",Yes (Boys & Girls),"₹4,500 / year"
"Government Polytechnic, Nanded",Nanded,Government,Automobile Engineering,OPEN,74.0,"₹7,750 / year",Yes (Boys & Girls),"₹4,500 / year"
"Government Polytechnic, Nanded",Nanded,Government,Automobile Engineering,OBC,70.0,"₹3,875 / year",Yes (Boys & Girls),"₹4,500 / year"
"Government Polytechnic, Nanded",Nanded,Government,Automobile Engineering,SC,64.0,"₹1,000 - ₹2,000 / year",Yes (Boys & Girls),"₹4,500 / year"
"Government Polytechnic, Nanded",Nanded,Government,Automobile Engineering,ST,56.0,"₹1,000 - ₹2,000 / year",Yes (Boys & Girls),"₹4,500 / year"
"Government Polytechnic, Nanded",Nanded,Government,Automobile Engineering,EWS,72.0,"₹3,875 / year",Yes (Boys & Girls),"₹4,500 / year"
"Government Polytechnic, Nanded",Nanded,Government,Automobile Engineering,NT-A,67.0,"₹3,875 / year",Yes (Boys & Girls),"₹4,500 / year"
"Government Polytechnic, Nanded",Nanded,Government,Automobile Engineering,NT-B,67.0,"₹3,875 / year",Yes (Boys & Girls),"₹4,500 / year"
"Government Polytechnic, Nanded",Nanded,Government,Automobile Engineering,NT-C,67.0,"₹3,875 / year",Yes (Boys & Girls),"₹4,500 / year"
"Government Polytechnic, Nanded",Nanded,Government,Automobile Engineering,NT-D,67.0,"₹3,875 / year",Yes (Boys & Girls),"₹4,500 / year"
"Government Polytechnic, Nanded",Nanded,Government,Automobile Engineering,VJ/DT,67.0,"₹3,875 / year",Yes (Boys & Girls),"₹4,500 / year"
"Government Polytechnic, Nanded",Nanded,Government,Automobile Engineering,TFWS,79.0,"₹1,000 - ₹2,000 / year",Yes (Boys & Girls),"₹4,500 / year"
"Gramin Polytechnic, Vishnupuri, Nanded",Nanded,Private (Un-Aided),Computer Engineering,OPEN,66.0,"₹45,000 / year",No (Private PG Nearby),"₹30,000 / year (PG)"
"Gramin Polytechnic, Vishnupuri, Nanded",Nanded,Private (Un-Aided),Computer Engineering,OBC,62.0,"₹22,500 / year",No (Private PG Nearby),"₹30,000 / year (PG)"
"Gramin Polytechnic, Vishnupuri, Nanded",Nanded,Private (Un-Aided),Computer Engineering,SC,56.0,"₹1,000 - ₹2,000 / year",No (Private PG Nearby),"₹30,000 / year (PG)"
"Gramin Polytechnic, Vishnupuri, Nanded",Nanded,Private (Un-Aided),Computer Engineering,ST,48.0,"₹1,000 - ₹2,000 / year",No (Private PG Nearby),"₹30,000 / year (PG)"
"Gramin Polytechnic, Vishnupuri, Nanded",Nanded,Private (Un-Aided),Computer Engineering,EWS,64.0,"₹22,500 / year",No (Private PG Nearby),"₹30,000 / year (PG)"
"Gramin Polytechnic, Vishnupuri, Nanded",Nanded,Private (Un-Aided),Computer Engineering,NT-A,59.0,"₹22,500 / year",No (Private PG Nearby),"₹30,000 / year (PG)"
"Gramin Polytechnic, Vishnupuri, Nanded",Nanded,Private (Un-Aided),Computer Engineering,NT-B,59.0,"₹22,500 / year",No (Private PG Nearby),"₹30,000 / year (PG)"
"Gramin Polytechnic, Vishnupuri, Nanded",Nanded,Private (Un-Aided),Computer Engineering,NT-C,59.0,"₹22,500 / year",No (Private PG Nearby),"₹30,000 / year (PG)"
"Gramin Polytechnic, Vishnupuri, Nanded",Nanded,Private (Un-Aided),Computer Engineering,NT-D,59.0,"₹22,500 / year",No (Private PG Nearby),"₹30,000 / year (PG)"
"Gramin Polytechnic, Vishnupuri, Nanded",Nanded,Private (Un-Aided),Computer Engineering,VJ/DT,59.0,"₹22,500 / year",No (Private PG Nearby),"₹30,000 / year (PG)"
"Gramin Polytechnic, Vishnupuri, Nanded",Nanded,Private (Un-Aided),Computer Engineering,TFWS,71.0,"₹1,000 - ₹2,000 / year",No (Private PG Nearby),"₹30,000 / year (PG)"
"Gramin Polytechnic, Vishnupuri, Nanded",Nanded,Private (Un-Aided),Information Technology,OPEN,64.0,"₹45,000 / year",No (Private PG Nearby),"₹30,000 / year (PG)"
"Gramin Polytechnic, Vishnupuri, Nanded",Nanded,Private (Un-Aided),Information Technology,OBC,60.0,"₹22,500 / year",No (Private PG Nearby),"₹30,000 / year (PG)"
"Gramin Polytechnic, Vishnupuri, Nanded",Nanded,Private (Un-Aided),Information Technology,SC,54.0,"₹1,000 - ₹2,000 / year",No (Private PG Nearby),"₹30,000 / year (PG)"
"Gramin Polytechnic, Vishnupuri, Nanded",Nanded,Private (Un-Aided),Information Technology,ST,46.0,"₹1,000 - ₹2,000 / year",No (Private PG Nearby),"₹30,000 / year (PG)"
"Gramin Polytechnic, Vishnupuri, Nanded",Nanded,Private (Un-Aided),Information Technology,EWS,62.0,"₹22,500 / year",No (Private PG Nearby),"₹30,000 / year (PG)"
"Gramin Polytechnic, Vishnupuri, Nanded",Nanded,Private (Un-Aided),Information Technology,NT-A,57.0,"₹22,500 / year",No (Private PG Nearby),"₹30,000 / year (PG)"
"Gramin Polytechnic, Vishnupuri, Nanded",Nanded,Private (Un-Aided),Information Technology,NT-B,57.0,"₹22,500 / year",No (Private PG Nearby),"₹30,000 / year (PG)"
"Gramin Polytechnic, Vishnupuri, Nanded",Nanded,Private (Un-Aided),Information Technology,NT-C,57.0,"₹22,500 / year",No (Private PG Nearby),"₹30,000 / year (PG)"
"Gramin Polytechnic, Vishnupuri, Nanded",Nanded,Private (Un-Aided),Information Technology,NT-D,57.0,"₹22,500 / year",No (Private PG Nearby),"₹30,000 / year (PG)"
"Gramin Polytechnic, Vishnupuri, Nanded",Nanded,Private (Un-Aided),Information Technology,VJ/DT,57.0,"₹22,500 / year",No (Private PG Nearby),"₹30,000 / year (PG)"
"Gramin Polytechnic, Vishnupuri, Nanded",Nanded,Private (Un-Aided),Information Technology,TFWS,69.0,"₹1,000 - ₹2,000 / year",No (Private PG Nearby),"₹30,000 / year (PG)"
"Gramin Polytechnic, Vishnupuri, Nanded",Nanded,Private (Un-Aided),Artificial Intelligence & Data Science,OPEN,64.0,"₹45,000 / year",No (Private PG Nearby),"₹30,000 / year (PG)"
"Gramin Polytechnic, Vishnupuri, Nanded",Nanded,Private (Un-Aided),Artificial Intelligence & Data Science,OBC,60.0,"₹22,500 / year",No (Private PG Nearby),"₹30,000 / year (PG)"
"Gramin Polytechnic, Vishnupuri, Nanded",Nanded,Private (Un-Aided),Artificial Intelligence & Data Science,SC,54.0,"₹1,000 - ₹2,000 / year",No (Private PG Nearby),"₹30,000 / year (PG)"
"Gramin Polytechnic, Vishnupuri, Nanded",Nanded,Private (Un-Aided),Artificial Intelligence & Data Science,ST,46.0,"₹1,000 - ₹2,000 / year",No (Private PG Nearby),"₹30,000 / year (PG)"
"Gramin Polytechnic, Vishnupuri, Nanded",Nanded,Private (Un-Aided),Artificial Intelligence & Data Science,EWS,62.0,"₹22,500 / year",No (Private PG Nearby),"₹30,000 / year (PG)"
"Gramin Polytechnic, Vishnupuri, Nanded",Nanded,Private (Un-Aided),Artificial Intelligence & Data Science,NT-A,57.0,"₹22,500 / year",No (Private PG Nearby),"₹30,000 / year (PG)"
"Gramin Polytechnic, Vishnupuri, Nanded",Nanded,Private (Un-Aided),Artificial Intelligence & Data Science,NT-B,57.0,"₹22,500 / year",No (Private PG Nearby),"₹30,000 / year (PG)"
"Gramin Polytechnic, Vishnupuri, Nanded",Nanded,Private (Un-Aided),Artificial Intelligence & Data Science,NT-C,57.0,"₹22,500 / year",No (Private PG Nearby),"₹30,000 / year (PG)"
"Gramin Polytechnic, Vishnupuri, Nanded",Nanded,Private (Un-Aided),Artificial Intelligence & Data Science,NT-D,57.0,"₹22,500 / year",No (Private PG Nearby),"₹30,000 / year (PG)"
"Gramin Polytechnic, Vishnupuri, Nanded",Nanded,Private (Un-Aided),Artificial Intelligence & Data Science,VJ/DT,57.0,"₹22,500 / year",No (Private PG Nearby),"₹30,000 / year (PG)"
"Gramin Polytechnic, Vishnupuri, Nanded",Nanded,Private (Un-Aided),Artificial Intelligence & Data Science,TFWS,69.0,"₹1,000 - ₹2,000 / year",No (Private PG Nearby),"₹30,000 / year (PG)"
"Gramin Polytechnic, Vishnupuri, Nanded",Nanded,Private (Un-Aided),Electronics & Telecommunication,OPEN,60.0,"₹45,000 / year",No (Private PG Nearby),"₹30,000 / year (PG)"
"Gramin Polytechnic, Vishnupuri, Nanded",Nanded,Private (Un-Aided),Electronics & Telecommunication,OBC,56.0,"₹22,500 / year",No (Private PG Nearby),"₹30,000 / year (PG)"
"Gramin Polytechnic, Vishnupuri, Nanded",Nanded,Private (Un-Aided),Electronics & Telecommunication,SC,50.0,"₹1,000 - ₹2,000 / year",No (Private PG Nearby),"₹30,000 / year (PG)"
"Gramin Polytechnic, Vishnupuri, Nanded",Nanded,Private (Un-Aided),Electronics & Telecommunication,ST,42.0,"₹1,000 - ₹2,000 / year",No (Private PG Nearby),"₹30,000 / year (PG)"
"Gramin Polytechnic, Vishnupuri, Nanded",Nanded,Private (Un-Aided),Electronics & Telecommunication,EWS,58.0,"₹22,500 / year",No (Private PG Nearby),"₹30,000 / year (PG)"
"Gramin Polytechnic, Vishnupuri, Nanded",Nanded,Private (Un-Aided),Electronics & Telecommunication,NT-A,53.0,"₹22,500 / year",No (Private PG Nearby),"₹30,000 / year (PG)"
"Gramin Polytechnic, Vishnupuri, Nanded",Nanded,Private (Un-Aided),Electronics & Telecommunication,NT-B,53.0,"₹22,500 / year",No (Private PG Nearby),"₹30,000 / year (PG)"
"Gramin Polytechnic, Vishnupuri, Nanded",Nanded,Private (Un-Aided),Electronics & Telecommunication,NT-C,53.0,"₹22,500 / year",No (Private PG Nearby),"₹30,000 / year (PG)"
"Gramin Polytechnic, Vishnupuri, Nanded",Nanded,Private (Un-Aided),Electronics & Telecommunication,NT-D,53.0,"₹22,500 / year",No (Private PG Nearby),"₹30,000 / year (PG)"
"Gramin Polytechnic, Vishnupuri, Nanded",Nanded,Private (Un-Aided),Electronics & Telecommunication,VJ/DT,53.0,"₹22,500 / year",No (Private PG Nearby),"₹30,000 / year (PG)"
"Gramin Polytechnic, Vishnupuri, Nanded",Nanded,Private (Un-Aided),Electronics & Telecommunication,TFWS,65.0,"₹1,000 - ₹2,000 / year",No (Private PG Nearby),"₹30,000 / year (PG)"
"Gramin Polytechnic, Vishnupuri, Nanded",Nanded,Private (Un-Aided),Electrical Engineering,OPEN,60.0,"₹45,000 / year",No (Private PG Nearby),"₹30,000 / year (PG)"
"Gramin Polytechnic, Vishnupuri, Nanded",Nanded,Private (Un-Aided),Electrical Engineering,OBC,56.0,"₹22,500 / year",No (Private PG Nearby),"₹30,000 / year (PG)"
"Gramin Polytechnic, Vishnupuri, Nanded",Nanded,Private (Un-Aided),Electrical Engineering,SC,50.0,"₹1,000 - ₹2,000 / year",No (Private PG Nearby),"₹30,000 / year (PG)"
"Gramin Polytechnic, Vishnupuri, Nanded",Nanded,Private (Un-Aided),Electrical Engineering,ST,42.0,"₹1,000 - ₹2,000 / year",No (Private PG Nearby),"₹30,000 / year (PG)"
"Gramin Polytechnic, Vishnupuri, Nanded",Nanded,Private (Un-Aided),Electrical Engineering,EWS,58.0,"₹22,500 / year",No (Private PG Nearby),"₹30,000 / year (PG)"
"Gramin Polytechnic, Vishnupuri, Nanded",Nanded,Private (Un-Aided),Electrical Engineering,NT-A,53.0,"₹22,500 / year",No (Private PG Nearby),"₹30,000 / year (PG)"
"Gramin Polytechnic, Vishnupuri, Nanded",Nanded,Private (Un-Aided),Electrical Engineering,NT-B,53.0,"₹22,500 / year",No (Private PG Nearby),"₹30,000 / year (PG)"
"Gramin Polytechnic, Vishnupuri, Nanded",Nanded,Private (Un-Aided),Electrical Engineering,NT-C,53.0,"₹22,500 / year",No (Private PG Nearby),"₹30,000 / year (PG)"
"Gramin Polytechnic, Vishnupuri, Nanded",Nanded,Private (Un-Aided),Electrical Engineering,NT-D,53.0,"₹22,500 / year",No (Private PG Nearby),"₹30,000 / year (PG)"
"Gramin Polytechnic, Vishnupuri, Nanded",Nanded,Private (Un-Aided),Electrical Engineering,VJ/DT,53.0,"₹22,500 / year",No (Private PG Nearby),"₹30,000 / year (PG)"
"Gramin Polytechnic, Vishnupuri, Nanded",Nanded,Private (Un-Aided),Electrical Engineering,TFWS,65.0,"₹1,000 - ₹2,000 / year",No (Private PG Nearby),"₹30,000 / year (PG)"
"Gramin Polytechnic, Vishnupuri, Nanded",Nanded,Private (Un-Aided),Mechanical Engineering,OPEN,58.0,"₹45,000 / year",No (Private PG Nearby),"₹30,000 / year (PG)"
"Gramin Polytechnic, Vishnupuri, Nanded",Nanded,Private (Un-Aided),Mechanical Engineering,OBC,54.0,"₹22,500 / year",No (Private PG Nearby),"₹30,000 / year (PG)"
"Gramin Polytechnic, Vishnupuri, Nanded",Nanded,Private (Un-Aided),Mechanical Engineering,SC,48.0,"₹1,000 - ₹2,000 / year",No (Private PG Nearby),"₹30,000 / year (PG)"
"Gramin Polytechnic, Vishnupuri, Nanded",Nanded,Private (Un-Aided),Mechanical Engineering,ST,40.0,"₹1,000 - ₹2,000 / year",No (Private PG Nearby),"₹30,000 / year (PG)"
"Gramin Polytechnic, Vishnupuri, Nanded",Nanded,Private (Un-Aided),Mechanical Engineering,EWS,56.0,"₹22,500 / year",No (Private PG Nearby),"₹30,000 / year (PG)"
"Gramin Polytechnic, Vishnupuri, Nanded",Nanded,Private (Un-Aided),Mechanical Engineering,NT-A,51.0,"₹22,500 / year",No (Private PG Nearby),"₹30,000 / year (PG)"
"Gramin Polytechnic, Vishnupuri, Nanded",Nanded,Private (Un-Aided),Mechanical Engineering,NT-B,51.0,"₹22,500 / year",No (Private PG Nearby),"₹30,000 / year (PG)"
"Gramin Polytechnic, Vishnupuri, Nanded",Nanded,Private (Un-Aided),Mechanical Engineering,NT-C,51.0,"₹22,500 / year",No (Private PG Nearby),"₹30,000 / year (PG)"
"Gramin Polytechnic, Vishnupuri, Nanded",Nanded,Private (Un-Aided),Mechanical Engineering,NT-D,51.0,"₹22,500 / year",No (Private PG Nearby),"₹30,000 / year (PG)"
"Gramin Polytechnic, Vishnupuri, Nanded",Nanded,Private (Un-Aided),Mechanical Engineering,VJ/DT,51.0,"₹22,500 / year",No (Private PG Nearby),"₹30,000 / year (PG)"
"Gramin Polytechnic, Vishnupuri, Nanded",Nanded,Private (Un-Aided),Mechanical Engineering,TFWS,63.0,"₹1,000 - ₹2,000 / year",No (Private PG Nearby),"₹30,000 / year (PG)"
"Gramin Polytechnic, Vishnupuri, Nanded",Nanded,Private (Un-Aided),Civil Engineering,OPEN,58.0,"₹45,000 / year",No (Private PG Nearby),"₹30,000 / year (PG)"
"Gramin Polytechnic, Vishnupuri, Nanded",Nanded,Private (Un-Aided),Civil Engineering,OBC,54.0,"₹22,500 / year",No (Private PG Nearby),"₹30,000 / year (PG)"
"Gramin Polytechnic, Vishnupuri, Nanded",Nanded,Private (Un-Aided),Civil Engineering,SC,48.0,"₹1,000 - ₹2,000 / year",No (Private PG Nearby),"₹30,000 / year (PG)"
"Gramin Polytechnic, Vishnupuri, Nanded",Nanded,Private (Un-Aided),Civil Engineering,ST,40.0,"₹1,000 - ₹2,000 / year",No (Private PG Nearby),"₹30,000 / year (PG)"
"Gramin Polytechnic, Vishnupuri, Nanded",Nanded,Private (Un-Aided),Civil Engineering,EWS,56.0,"₹22,500 / year",No (Private PG Nearby),"₹30,000 / year (PG)"
"Gramin Polytechnic, Vishnupuri, Nanded",Nanded,Private (Un-Aided),Civil Engineering,NT-A,51.0,"₹22,500 / year",No (Private PG Nearby),"₹30,000 / year (PG)"
"Gramin Polytechnic, Vishnupuri, Nanded",Nanded,Private (Un-Aided),Civil Engineering,NT-B,51.0,"₹22,500 / year",No (Private PG Nearby),"₹30,000 / year (PG)"
"Gramin Polytechnic, Vishnupuri, Nanded",Nanded,Private (Un-Aided),Civil Engineering,NT-C,51.0,"₹22,500 / year",No (Private PG Nearby),"₹30,000 / year (PG)"
"Gramin Polytechnic, Vishnupuri, Nanded",Nanded,Private (Un-Aided),Civil Engineering,NT-D,51.0,"₹22,500 / year",No (Private PG Nearby),"₹30,000 / year (PG)"
"Gramin Polytechnic, Vishnupuri, Nanded",Nanded,Private (Un-Aided),Civil Engineering,VJ/DT,51.0,"₹22,500 / year",No (Private PG Nearby),"₹30,000 / year (PG)"
"Gramin Polytechnic, Vishnupuri, Nanded",Nanded,Private (Un-Aided),Civil Engineering,TFWS,63.0,"₹1,000 - ₹2,000 / year",No (Private PG Nearby),"₹30,000 / year (PG)"
"Gramin Polytechnic, Vishnupuri, Nanded",Nanded,Private (Un-Aided),Chemical Engineering,OPEN,58.0,"₹45,000 / year",No (Private PG Nearby),"₹30,000 / year (PG)"
"Gramin Polytechnic, Vishnupuri, Nanded",Nanded,Private (Un-Aided),Chemical Engineering,OBC,54.0,"₹22,500 / year",No (Private PG Nearby),"₹30,000 / year (PG)"
"Gramin Polytechnic, Vishnupuri, Nanded",Nanded,Private (Un-Aided),Chemical Engineering,SC,48.0,"₹1,000 - ₹2,000 / year",No (Private PG Nearby),"₹30,000 / year (PG)"
"Gramin Polytechnic, Vishnupuri, Nanded",Nanded,Private (Un-Aided),Chemical Engineering,ST,40.0,"₹1,000 - ₹2,000 / year",No (Private PG Nearby),"₹30,000 / year (PG)"
"Gramin Polytechnic, Vishnupuri, Nanded",Nanded,Private (Un-Aided),Chemical Engineering,EWS,56.0,"₹22,500 / year",No (Private PG Nearby),"₹30,000 / year (PG)"
"Gramin Polytechnic, Vishnupuri, Nanded",Nanded,Private (Un-Aided),Chemical Engineering,NT-A,51.0,"₹22,500 / year",No (Private PG Nearby),"₹30,000 / year (PG)"
"Gramin Polytechnic, Vishnupuri, Nanded",Nanded,Private (Un-Aided),Chemical Engineering,NT-B,51.0,"₹22,500 / year",No (Private PG Nearby),"₹30,000 / year (PG)"
"Gramin Polytechnic, Vishnupuri, Nanded",Nanded,Private (Un-Aided),Chemical Engineering,NT-C,51.0,"₹22,500 / year",No (Private PG Nearby),"₹30,000 / year (PG)"
"Gramin Polytechnic, Vishnupuri, Nanded",Nanded,Private (Un-Aided),Chemical Engineering,NT-D,51.0,"₹22,500 / year",No (Private PG Nearby),"₹30,000 / year (PG)"
"Gramin Polytechnic, Vishnupuri, Nanded",Nanded,Private (Un-Aided),Chemical Engineering,VJ/DT,51.0,"₹22,500 / year",No (Private PG Nearby),"₹30,000 / year (PG)"
"Gramin Polytechnic, Vishnupuri, Nanded",Nanded,Private (Un-Aided),Chemical Engineering,TFWS,63.0,"₹1,000 - ₹2,000 / year",No (Private PG Nearby),"₹30,000 / year (PG)"
"Gramin Polytechnic, Vishnupuri, Nanded",Nanded,Private (Un-Aided),Automobile Engineering,OPEN,58.0,"₹45,000 / year",No (Private PG Nearby),"₹30,000 / year (PG)"
"Gramin Polytechnic, Vishnupuri, Nanded",Nanded,Private (Un-Aided),Automobile Engineering,OBC,54.0,"₹22,500 / year",No (Private PG Nearby),"₹30,000 / year (PG)"
"Gramin Polytechnic, Vishnupuri, Nanded",Nanded,Private (Un-Aided),Automobile Engineering,SC,48.0,"₹1,000 - ₹2,000 / year",No (Private PG Nearby),"₹30,000 / year (PG)"
"Gramin Polytechnic, Vishnupuri, Nanded",Nanded,Private (Un-Aided),Automobile Engineering,ST,40.0,"₹1,000 - ₹2,000 / year",No (Private PG Nearby),"₹30,000 / year (PG)"
"Gramin Polytechnic, Vishnupuri, Nanded",Nanded,Private (Un-Aided),Automobile Engineering,EWS,56.0,"₹22,500 / year",No (Private PG Nearby),"₹30,000 / year (PG)"
"Gramin Polytechnic, Vishnupuri, Nanded",Nanded,Private (Un-Aided),Automobile Engineering,NT-A,51.0,"₹22,500 / year",No (Private PG Nearby),"₹30,000 / year (PG)"
"Gramin Polytechnic, Vishnupuri, Nanded",Nanded,Private (Un-Aided),Automobile Engineering,NT-B,51.0,"₹22,500 / year",No (Private PG Nearby),"₹30,000 / year (PG)"
"Gramin Polytechnic, Vishnupuri, Nanded",Nanded,Private (Un-Aided),Automobile Engineering,NT-C,51.0,"₹22,500 / year",No (Private PG Nearby),"₹30,000 / year (PG)"
"Gramin Polytechnic, Vishnupuri, Nanded",Nanded,Private (Un-Aided),Automobile Engineering,NT-D,51.0,"₹22,500 / year",No (Private PG Nearby),"₹30,000 / year (PG)"
"Gramin Polytechnic, Vishnupuri, Nanded",Nanded,Private (Un-Aided),Automobile Engineering,VJ/DT,51.0,"₹22,500 / year",No (Private PG Nearby),"₹30,000 / year (PG)"
"Gramin Polytechnic, Vishnupuri, Nanded",Nanded,Private (Un-Aided),Automobile Engineering,TFWS,63.0,"₹1,000 - ₹2,000 / year",No (Private PG Nearby),"₹30,000 / year (PG)"
Veermata Jijabai Technological Institute (VJTI),Mumbai City,Government-Aided,Computer Engineering,OPEN,94.5,"₹11,500 / year",Yes (Limited Merit Seats),"₹8,000 - ₹12,000 / year"
Veermata Jijabai Technological Institute (VJTI),Mumbai City,Government-Aided,Computer Engineering,OBC,90.5,"₹5,750 / year",Yes (Limited Merit Seats),"₹8,000 - ₹12,000 / year"
Veermata Jijabai Technological Institute (VJTI),Mumbai City,Government-Aided,Computer Engineering,SC,84.5,"₹1,000 - ₹2,000 / year",Yes (Limited Merit Seats),"₹8,000 - ₹12,000 / year"
Veermata Jijabai Technological Institute (VJTI),Mumbai City,Government-Aided,Computer Engineering,ST,76.5,"₹1,000 - ₹2,000 / year",Yes (Limited Merit Seats),"₹8,000 - ₹12,000 / year"
Veermata Jijabai Technological Institute (VJTI),Mumbai City,Government-Aided,Computer Engineering,EWS,92.5,"₹5,750 / year",Yes (Limited Merit Seats),"₹8,000 - ₹12,000 / year"
Veermata Jijabai Technological Institute (VJTI),Mumbai City,Government-Aided,Computer Engineering,NT-A,87.5,"₹5,750 / year",Yes (Limited Merit Seats),"₹8,000 - ₹12,000 / year"
Veermata Jijabai Technological Institute (VJTI),Mumbai City,Government-Aided,Computer Engineering,NT-B,87.5,"₹5,750 / year",Yes (Limited Merit Seats),"₹8,000 - ₹12,000 / year"
Veermata Jijabai Technological Institute (VJTI),Mumbai City,Government-Aided,Computer Engineering,NT-C,87.5,"₹5,750 / year",Yes (Limited Merit Seats),"₹8,000 - ₹12,000 / year"
Veermata Jijabai Technological Institute (VJTI),Mumbai City,Government-Aided,Computer Engineering,NT-D,87.5,"₹5,750 / year",Yes (Limited Merit Seats),"₹8,000 - ₹12,000 / year"
Veermata Jijabai Technological Institute (VJTI),Mumbai City,Government-Aided,Computer Engineering,VJ/DT,87.5,"₹5,750 / year",Yes (Limited Merit Seats),"₹8,000 - ₹12,000 / year"
Veermata Jijabai Technological Institute (VJTI),Mumbai City,Government-Aided,Computer Engineering,TFWS,98.5,"₹1,000 - ₹2,000 / year",Yes (Limited Merit Seats),"₹8,000 - ₹12,000 / year"
Veermata Jijabai Technological Institute (VJTI),Mumbai City,Government-Aided,Information Technology,OPEN,92.5,"₹11,500 / year",Yes (Limited Merit Seats),"₹8,000 - ₹12,000 / year"
Veermata Jijabai Technological Institute (VJTI),Mumbai City,Government-Aided,Information Technology,OBC,88.5,"₹5,750 / year",Yes (Limited Merit Seats),"₹8,000 - ₹12,000 / year"
Veermata Jijabai Technological Institute (VJTI),Mumbai City,Government-Aided,Information Technology,SC,82.5,"₹1,000 - ₹2,000 / year",Yes (Limited Merit Seats),"₹8,000 - ₹12,000 / year"
Veermata Jijabai Technological Institute (VJTI),Mumbai City,Government-Aided,Information Technology,ST,74.5,"₹1,000 - ₹2,000 / year",Yes (Limited Merit Seats),"₹8,000 - ₹12,000 / year"
Veermata Jijabai Technological Institute (VJTI),Mumbai City,Government-Aided,Information Technology,EWS,90.5,"₹5,750 / year",Yes (Limited Merit Seats),"₹8,000 - ₹12,000 / year"
Veermata Jijabai Technological Institute (VJTI),Mumbai City,Government-Aided,Information Technology,NT-A,85.5,"₹5,750 / year",Yes (Limited Merit Seats),"₹8,000 - ₹12,000 / year"
Veermata Jijabai Technological Institute (VJTI),Mumbai City,Government-Aided,Information Technology,NT-B,85.5,"₹5,750 / year",Yes (Limited Merit Seats),"₹8,000 - ₹12,000 / year"
Veermata Jijabai Technological Institute (VJTI),Mumbai City,Government-Aided,Information Technology,NT-C,85.5,"₹5,750 / year",Yes (Limited Merit Seats),"₹8,000 - ₹12,000 / year"
Veermata Jijabai Technological Institute (VJTI),Mumbai City,Government-Aided,Information Technology,NT-D,85.5,"₹5,750 / year",Yes (Limited Merit Seats),"₹8,000 - ₹12,000 / year"
Veermata Jijabai Technological Institute (VJTI),Mumbai City,Government-Aided,Information Technology,VJ/DT,85.5,"₹5,750 / year",Yes (Limited Merit Seats),"₹8,000 - ₹12,000 / year"
Veermata Jijabai Technological Institute (VJTI),Mumbai City,Government-Aided,Information Technology,TFWS,97.5,"₹1,000 - ₹2,000 / year",Yes (Limited Merit Seats),"₹8,000 - ₹12,000 / year"
Veermata Jijabai Technological Institute (VJTI),Mumbai City,Government-Aided,Artificial Intelligence & Data Science,OPEN,92.5,"₹11,500 / year",Yes (Limited Merit Seats),"₹8,000 - ₹12,000 / year"
Veermata Jijabai Technological Institute (VJTI),Mumbai City,Government-Aided,Artificial Intelligence & Data Science,OBC,88.5,"₹5,750 / year",Yes (Limited Merit Seats),"₹8,000 - ₹12,000 / year"
Veermata Jijabai Technological Institute (VJTI),Mumbai City,Government-Aided,Artificial Intelligence & Data Science,SC,82.5,"₹1,000 - ₹2,000 / year",Yes (Limited Merit Seats),"₹8,000 - ₹12,000 / year"
Veermata Jijabai Technological Institute (VJTI),Mumbai City,Government-Aided,Artificial Intelligence & Data Science,ST,74.5,"₹1,000 - ₹2,000 / year",Yes (Limited Merit Seats),"₹8,000 - ₹12,000 / year"
Veermata Jijabai Technological Institute (VJTI),Mumbai City,Government-Aided,Artificial Intelligence & Data Science,EWS,90.5,"₹5,750 / year",Yes (Limited Merit Seats),"₹8,000 - ₹12,000 / year"
Veermata Jijabai Technological Institute (VJTI),Mumbai City,Government-Aided,Artificial Intelligence & Data Science,NT-A,85.5,"₹5,750 / year",Yes (Limited Merit Seats),"₹8,000 - ₹12,000 / year"
Veermata Jijabai Technological Institute (VJTI),Mumbai City,Government-Aided,Artificial Intelligence & Data Science,NT-B,85.5,"₹5,750 / year",Yes (Limited Merit Seats),"₹8,000 - ₹12,000 / year"
Veermata Jijabai Technological Institute (VJTI),Mumbai City,Government-Aided,Artificial Intelligence & Data Science,NT-C,85.5,"₹5,750 / year",Yes (Limited Merit Seats),"₹8,000 - ₹12,000 / year"
Veermata Jijabai Technological Institute (VJTI),Mumbai City,Government-Aided,Artificial Intelligence & Data Science,NT-D,85.5,"₹5,750 / year",Yes (Limited Merit Seats),"₹8,000 - ₹12,000 / year"
Veermata Jijabai Technological Institute (VJTI),Mumbai City,Government-Aided,Artificial Intelligence & Data Science,VJ/DT,85.5,"₹5,750 / year",Yes (Limited Merit Seats),"₹8,000 - ₹12,000 / year"
Veermata Jijabai Technological Institute (VJTI),Mumbai City,Government-Aided,Artificial Intelligence & Data Science,TFWS,97.5,"₹1,000 - ₹2,000 / year",Yes (Limited Merit Seats),"₹8,000 - ₹12,000 / year"
Veermata Jijabai Technological Institute (VJTI),Mumbai City,Government-Aided,Electronics & Telecommunication,OPEN,88.5,"₹11,500 / year",Yes (Limited Merit Seats),"₹8,000 - ₹12,000 / year"
Veermata Jijabai Technological Institute (VJTI),Mumbai City,Government-Aided,Electronics & Telecommunication,OBC,84.5,"₹5,750 / year",Yes (Limited Merit Seats),"₹8,000 - ₹12,000 / year"
Veermata Jijabai Technological Institute (VJTI),Mumbai City,Government-Aided,Electronics & Telecommunication,SC,78.5,"₹1,000 - ₹2,000 / year",Yes (Limited Merit Seats),"₹8,000 - ₹12,000 / year"
Veermata Jijabai Technological Institute (VJTI),Mumbai City,Government-Aided,Electronics & Telecommunication,ST,70.5,"₹1,000 - ₹2,000 / year",Yes (Limited Merit Seats),"₹8,000 - ₹12,000 / year"
Veermata Jijabai Technological Institute (VJTI),Mumbai City,Government-Aided,Electronics & Telecommunication,EWS,86.5,"₹5,750 / year",Yes (Limited Merit Seats),"₹8,000 - ₹12,000 / year"
Veermata Jijabai Technological Institute (VJTI),Mumbai City,Government-Aided,Electronics & Telecommunication,NT-A,81.5,"₹5,750 / year",Yes (Limited Merit Seats),"₹8,000 - ₹12,000 / year"
Veermata Jijabai Technological Institute (VJTI),Mumbai City,Government-Aided,Electronics & Telecommunication,NT-B,81.5,"₹5,750 / year",Yes (Limited Merit Seats),"₹8,000 - ₹12,000 / year"
Veermata Jijabai Technological Institute (VJTI),Mumbai City,Government-Aided,Electronics & Telecommunication,NT-C,81.5,"₹5,750 / year",Yes (Limited Merit Seats),"₹8,000 - ₹12,000 / year"
Veermata Jijabai Technological Institute (VJTI),Mumbai City,Government-Aided,Electronics & Telecommunication,NT-D,81.5,"₹5,750 / year",Yes (Limited Merit Seats),"₹8,000 - ₹12,000 / year"
Veermata Jijabai Technological Institute (VJTI),Mumbai City,Government-Aided,Electronics & Telecommunication,VJ/DT,81.5,"₹5,750 / year",Yes (Limited Merit Seats),"₹8,000 - ₹12,000 / year"
Veermata Jijabai Technological Institute (VJTI),Mumbai City,Government-Aided,Electronics & Telecommunication,TFWS,93.5,"₹1,000 - ₹2,000 / year",Yes (Limited Merit Seats),"₹8,000 - ₹12,000 / year"
Veermata Jijabai Technological Institute (VJTI),Mumbai City,Government-Aided,Electrical Engineering,OPEN,88.5,"₹11,500 / year",Yes (Limited Merit Seats),"₹8,000 - ₹12,000 / year"
Veermata Jijabai Technological Institute (VJTI),Mumbai City,Government-Aided,Electrical Engineering,OBC,84.5,"₹5,750 / year",Yes (Limited Merit Seats),"₹8,000 - ₹12,000 / year"
Veermata Jijabai Technological Institute (VJTI),Mumbai City,Government-Aided,Electrical Engineering,SC,78.5,"₹1,000 - ₹2,000 / year",Yes (Limited Merit Seats),"₹8,000 - ₹12,000 / year"
Veermata Jijabai Technological Institute (VJTI),Mumbai City,Government-Aided,Electrical Engineering,ST,70.5,"₹1,000 - ₹2,000 / year",Yes (Limited Merit Seats),"₹8,000 - ₹12,000 / year"
Veermata Jijabai Technological Institute (VJTI),Mumbai City,Government-Aided,Electrical Engineering,EWS,86.5,"₹5,750 / year",Yes (Limited Merit Seats),"₹8,000 - ₹12,000 / year"
Veermata Jijabai Technological Institute (VJTI),Mumbai City,Government-Aided,Electrical Engineering,NT-A,81.5,"₹5,750 / year",Yes (Limited Merit Seats),"₹8,000 - ₹12,000 / year"
Veermata Jijabai Technological Institute (VJTI),Mumbai City,Government-Aided,Electrical Engineering,NT-B,81.5,"₹5,750 / year",Yes (Limited Merit Seats),"₹8,000 - ₹12,000 / year"
Veermata Jijabai Technological Institute (VJTI),Mumbai City,Government-Aided,Electrical Engineering,NT-C,81.5,"₹5,750 / year",Yes (Limited Merit Seats),"₹8,000 - ₹12,000 / year"
Veermata Jijabai Technological Institute (VJTI),Mumbai City,Government-Aided,Electrical Engineering,NT-D,81.5,"₹5,750 / year",Yes (Limited Merit Seats),"₹8,000 - ₹12,000 / year"
Veermata Jijabai Technological Institute (VJTI),Mumbai City,Government-Aided,Electrical Engineering,VJ/DT,81.5,"₹5,750 / year",Yes (Limited Merit Seats),"₹8,000 - ₹12,000 / year"
Veermata Jijabai Technological Institute (VJTI),Mumbai City,Government-Aided,Electrical Engineering,TFWS,93.5,"₹1,000 - ₹2,000 / year",Yes (Limited Merit Seats),"₹8,000 - ₹12,000 / year"
Veermata Jijabai Technological Institute (VJTI),Mumbai City,Government-Aided,Mechanical Engineering,OPEN,86.5,"₹11,500 / year",Yes (Limited Merit Seats),"₹8,000 - ₹12,000 / year"
Veermata Jijabai Technological Institute (VJTI),Mumbai City,Government-Aided,Mechanical Engineering,OBC,82.5,"₹5,750 / year",Yes (Limited Merit Seats),"₹8,000 - ₹12,000 / year"
Veermata Jijabai Technological Institute (VJTI),Mumbai City,Government-Aided,Mechanical Engineering,SC,76.5,"₹1,000 - ₹2,000 / year",Yes (Limited Merit Seats),"₹8,000 - ₹12,000 / year"
Veermata Jijabai Technological Institute (VJTI),Mumbai City,Government-Aided,Mechanical Engineering,ST,68.5,"₹1,000 - ₹2,000 / year",Yes (Limited Merit Seats),"₹8,000 - ₹12,000 / year"
Veermata Jijabai Technological Institute (VJTI),Mumbai City,Government-Aided,Mechanical Engineering,EWS,84.5,"₹5,750 / year",Yes (Limited Merit Seats),"₹8,000 - ₹12,000 / year"
Veermata Jijabai Technological Institute (VJTI),Mumbai City,Government-Aided,Mechanical Engineering,NT-A,79.5,"₹5,750 / year",Yes (Limited Merit Seats),"₹8,000 - ₹12,000 / year"
Veermata Jijabai Technological Institute (VJTI),Mumbai City,Government-Aided,Mechanical Engineering,NT-B,79.5,"₹5,750 / year",Yes (Limited Merit Seats),"₹8,000 - ₹12,000 / year"
Veermata Jijabai Technological Institute (VJTI),Mumbai City,Government-Aided,Mechanical Engineering,NT-C,79.5,"₹5,750 / year",Yes (Limited Merit Seats),"₹8,000 - ₹12,000 / year"
Veermata Jijabai Technological Institute (VJTI),Mumbai City,Government-Aided,Mechanical Engineering,NT-D,79.5,"₹5,750 / year",Yes (Limited Merit Seats),"₹8,000 - ₹12,000 / year"
Veermata Jijabai Technological Institute (VJTI),Mumbai City,Government-Aided,Mechanical Engineering,VJ/DT,79.5,"₹5,750 / year",Yes (Limited Merit Seats),"₹8,000 - ₹12,000 / year"
Veermata Jijabai Technological Institute (VJTI),Mumbai City,Government-Aided,Mechanical Engineering,TFWS,91.5,"₹1,000 - ₹2,000 / year",Yes (Limited Merit Seats),"₹8,000 - ₹12,000 / year"
Veermata Jijabai Technological Institute (VJTI),Mumbai City,Government-Aided,Civil Engineering,OPEN,86.5,"₹11,500 / year",Yes (Limited Merit Seats),"₹8,000 - ₹12,000 / year"
Veermata Jijabai Technological Institute (VJTI),Mumbai City,Government-Aided,Civil Engineering,OBC,82.5,"₹5,750 / year",Yes (Limited Merit Seats),"₹8,000 - ₹12,000 / year"
Veermata Jijabai Technological Institute (VJTI),Mumbai City,Government-Aided,Civil Engineering,SC,76.5,"₹1,000 - ₹2,000 / year",Yes (Limited Merit Seats),"₹8,000 - ₹12,000 / year"
Veermata Jijabai Technological Institute (VJTI),Mumbai City,Government-Aided,Civil Engineering,ST,68.5,"₹1,000 - ₹2,000 / year",Yes (Limited Merit Seats),"₹8,000 - ₹12,000 / year"
Veermata Jijabai Technological Institute (VJTI),Mumbai City,Government-Aided,Civil Engineering,EWS,84.5,"₹5,750 / year",Yes (Limited Merit Seats),"₹8,000 - ₹12,000 / year"
Veermata Jijabai Technological Institute (VJTI),Mumbai City,Government-Aided,Civil Engineering,NT-A,79.5,"₹5,750 / year",Yes (Limited Merit Seats),"₹8,000 - ₹12,000 / year"
Veermata Jijabai Technological Institute (VJTI),Mumbai City,Government-Aided,Civil Engineering,NT-B,79.5,"₹5,750 / year",Yes (Limited Merit Seats),"₹8,000 - ₹12,000 / year"
Veermata Jijabai Technological Institute (VJTI),Mumbai City,Government-Aided,Civil Engineering,NT-C,79.5,"₹5,750 / year",Yes (Limited Merit Seats),"₹8,000 - ₹12,000 / year"
Veermata Jijabai Technological Institute (VJTI),Mumbai City,Government-Aided,Civil Engineering,NT-D,79.5,"₹5,750 / year",Yes (Limited Merit Seats),"₹8,000 - ₹12,000 / year"
Veermata Jijabai Technological Institute (VJTI),Mumbai City,Government-Aided,Civil Engineering,VJ/DT,79.5,"₹5,750 / year",Yes (Limited Merit Seats),"₹8,000 - ₹12,000 / year"
Veermata Jijabai Technological Institute (VJTI),Mumbai City,Government-Aided,Civil Engineering,TFWS,91.5,"₹1,000 - ₹2,000 / year",Yes (Limited Merit Seats),"₹8,000 - ₹12,000 / year"
Veermata Jijabai Technological Institute (VJTI),Mumbai City,Government-Aided,Chemical Engineering,OPEN,86.5,"₹11,500 / year",Yes (Limited Merit Seats),"₹8,000 - ₹12,000 / year"
Veermata Jijabai Technological Institute (VJTI),Mumbai City,Government-Aided,Chemical Engineering,OBC,82.5,"₹5,750 / year",Yes (Limited Merit Seats),"₹8,000 - ₹12,000 / year"
Veermata Jijabai Technological Institute (VJTI),Mumbai City,Government-Aided,Chemical Engineering,SC,76.5,"₹1,000 - ₹2,000 / year",Yes (Limited Merit Seats),"₹8,000 - ₹12,000 / year"
Veermata Jijabai Technological Institute (VJTI),Mumbai City,Government-Aided,Chemical Engineering,ST,68.5,"₹1,000 - ₹2,000 / year",Yes (Limited Merit Seats),"₹8,000 - ₹12,000 / year"
Veermata Jijabai Technological Institute (VJTI),Mumbai City,Government-Aided,Chemical Engineering,EWS,84.5,"₹5,750 / year",Yes (Limited Merit Seats),"₹8,000 - ₹12,000 / year"
Veermata Jijabai Technological Institute (VJTI),Mumbai City,Government-Aided,Chemical Engineering,NT-A,79.5,"₹5,750 / year",Yes (Limited Merit Seats),"₹8,000 - ₹12,000 / year"
Veermata Jijabai Technological Institute (VJTI),Mumbai City,Government-Aided,Chemical Engineering,NT-B,79.5,"₹5,750 / year",Yes (Limited Merit Seats),"₹8,000 - ₹12,000 / year"
Veermata Jijabai Technological Institute (VJTI),Mumbai City,Government-Aided,Chemical Engineering,NT-C,79.5,"₹5,750 / year",Yes (Limited Merit Seats),"₹8,000 - ₹12,000 / year"
Veermata Jijabai Technological Institute (VJTI),Mumbai City,Government-Aided,Chemical Engineering,NT-D,79.5,"₹5,750 / year",Yes (Limited Merit Seats),"₹8,000 - ₹12,000 / year"
Veermata Jijabai Technological Institute (VJTI),Mumbai City,Government-Aided,Chemical Engineering,VJ/DT,79.5,"₹5,750 / year",Yes (Limited Merit Seats),"₹8,000 - ₹12,000 / year"
Veermata Jijabai Technological Institute (VJTI),Mumbai City,Government-Aided,Chemical Engineering,TFWS,91.5,"₹1,000 - ₹2,000 / year",Yes (Limited Merit Seats),"₹8,000 - ₹12,000 / year"
Veermata Jijabai Technological Institute (VJTI),Mumbai City,Government-Aided,Automobile Engineering,OPEN,86.5,"₹11,500 / year",Yes (Limited Merit Seats),"₹8,000 - ₹12,000 / year"
Veermata Jijabai Technological Institute (VJTI),Mumbai City,Government-Aided,Automobile Engineering,OBC,82.5,"₹5,750 / year",Yes (Limited Merit Seats),"₹8,000 - ₹12,000 / year"
Veermata Jijabai Technological Institute (VJTI),Mumbai City,Government-Aided,Automobile Engineering,SC,76.5,"₹1,000 - ₹2,000 / year",Yes (Limited Merit Seats),"₹8,000 - ₹12,000 / year"
Veermata Jijabai Technological Institute (VJTI),Mumbai City,Government-Aided,Automobile Engineering,ST,68.5,"₹1,000 - ₹2,000 / year",Yes (Limited Merit Seats),"₹8,000 - ₹12,000 / year"
Veermata Jijabai Technological Institute (VJTI),Mumbai City,Government-Aided,Automobile Engineering,EWS,84.5,"₹5,750 / year",Yes (Limited Merit Seats),"₹8,000 - ₹12,000 / year"
Veermata Jijabai Technological Institute (VJTI),Mumbai City,Government-Aided,Automobile Engineering,NT-A,79.5,"₹5,750 / year",Yes (Limited Merit Seats),"₹8,000 - ₹12,000 / year"
Veermata Jijabai Technological Institute (VJTI),Mumbai City,Government-Aided,Automobile Engineering,NT-B,79.5,"₹5,750 / year",Yes (Limited Merit Seats),"₹8,000 - ₹12,000 / year"
Veermata Jijabai Technological Institute (VJTI),Mumbai City,Government-Aided,Automobile Engineering,NT-C,79.5,"₹5,750 / year",Yes (Limited Merit Seats),"₹8,000 - ₹12,000 / year"
Veermata Jijabai Technological Institute (VJTI),Mumbai City,Government-Aided,Automobile Engineering,NT-D,79.5,"₹5,750 / year",Yes (Limited Merit Seats),"₹8,000 - ₹12,000 / year"
Veermata Jijabai Technological Institute (VJTI),Mumbai City,Government-Aided,Automobile Engineering,VJ/DT,79.5,"₹5,750 / year",Yes (Limited Merit Seats),"₹8,000 - ₹12,000 / year"
Veermata Jijabai Technological Institute (VJTI),Mumbai City,Government-Aided,Automobile Engineering,TFWS,91.5,"₹1,000 - ₹2,000 / year",Yes (Limited Merit Seats),"₹8,000 - ₹12,000 / year"
"Government Polytechnic, Mumbai",Mumbai Suburban,Government,Computer Engineering,OPEN,88.0,"₹7,750 / year",Yes (Boys & Girls),"₹4,500 / year"
"Government Polytechnic, Mumbai",Mumbai Suburban,Government,Computer Engineering,OBC,84.0,"₹3,875 / year",Yes (Boys & Girls),"₹4,500 / year"
"Government Polytechnic, Mumbai",Mumbai Suburban,Government,Computer Engineering,SC,78.0,"₹1,000 - ₹2,000 / year",Yes (Boys & Girls),"₹4,500 / year"
"Government Polytechnic, Mumbai",Mumbai Suburban,Government,Computer Engineering,ST,70.0,"₹1,000 - ₹2,000 / year",Yes (Boys & Girls),"₹4,500 / year"
"Government Polytechnic, Mumbai",Mumbai Suburban,Government,Computer Engineering,EWS,86.0,"₹3,875 / year",Yes (Boys & Girls),"₹4,500 / year"
"Government Polytechnic, Mumbai",Mumbai Suburban,Government,Computer Engineering,NT-A,81.0,"₹3,875 / year",Yes (Boys & Girls),"₹4,500 / year"
"Government Polytechnic, Mumbai",Mumbai Suburban,Government,Computer Engineering,NT-B,81.0,"₹3,875 / year",Yes (Boys & Girls),"₹4,500 / year"
"Government Polytechnic, Mumbai",Mumbai Suburban,Government,Computer Engineering,NT-C,81.0,"₹3,875 / year",Yes (Boys & Girls),"₹4,500 / year"
"Government Polytechnic, Mumbai",Mumbai Suburban,Government,Computer Engineering,NT-D,81.0,"₹3,875 / year",Yes (Boys & Girls),"₹4,500 / year"
"Government Polytechnic, Mumbai",Mumbai Suburban,Government,Computer Engineering,VJ/DT,81.0,"₹3,875 / year",Yes (Boys & Girls),"₹4,500 / year"
"Government Polytechnic, Mumbai",Mumbai Suburban,Government,Computer Engineering,TFWS,93.0,"₹1,000 - ₹2,000 / year",Yes (Boys & Girls),"₹4,500 / year"
"Government Polytechnic, Mumbai",Mumbai Suburban,Government,Information Technology,OPEN,86.0,"₹7,750 / year",Yes (Boys & Girls),"₹4,500 / year"
"Government Polytechnic, Mumbai",Mumbai Suburban,Government,Information Technology,OBC,82.0,"₹3,875 / year",Yes (Boys & Girls),"₹4,500 / year"
"Government Polytechnic, Mumbai",Mumbai Suburban,Government,Information Technology,SC,76.0,"₹1,000 - ₹2,000 / year",Yes (Boys & Girls),"₹4,500 / year"
"Government Polytechnic, Mumbai",Mumbai Suburban,Government,Information Technology,ST,68.0,"₹1,000 - ₹2,000 / year",Yes (Boys & Girls),"₹4,500 / year"
"Government Polytechnic, Mumbai",Mumbai Suburban,Government,Information Technology,EWS,84.0,"₹3,875 / year",Yes (Boys & Girls),"₹4,500 / year"
"Government Polytechnic, Mumbai",Mumbai Suburban,Government,Information Technology,NT-A,79.0,"₹3,875 / year",Yes (Boys & Girls),"₹4,500 / year"
"Government Polytechnic, Mumbai",Mumbai Suburban,Government,Information Technology,NT-B,79.0,"₹3,875 / year",Yes (Boys & Girls),"₹4,500 / year"
"Government Polytechnic, Mumbai",Mumbai Suburban,Government,Information Technology,NT-C,79.0,"₹3,875 / year",Yes (Boys & Girls),"₹4,500 / year"
"Government Polytechnic, Mumbai",Mumbai Suburban,Government,Information Technology,NT-D,79.0,"₹3,875 / year",Yes (Boys & Girls),"₹4,500 / year"
"Government Polytechnic, Mumbai",Mumbai Suburban,Government,Information Technology,VJ/DT,79.0,"₹3,875 / year",Yes (Boys & Girls),"₹4,500 / year"
"Government Polytechnic, Mumbai",Mumbai Suburban,Government,Information Technology,TFWS,91.0,"₹1,000 - ₹2,000 / year",Yes (Boys & Girls),"₹4,500 / year"
"Government Polytechnic, Mumbai",Mumbai Suburban,Government,Artificial Intelligence & Data Science,OPEN,86.0,"₹7,750 / year",Yes (Boys & Girls),"₹4,500 / year"
"Government Polytechnic, Mumbai",Mumbai Suburban,Government,Artificial Intelligence & Data Science,OBC,82.0,"₹3,875 / year",Yes (Boys & Girls),"₹4,500 / year"
"Government Polytechnic, Mumbai",Mumbai Suburban,Government,Artificial Intelligence & Data Science,SC,76.0,"₹1,000 - ₹2,000 / year",Yes (Boys & Girls),"₹4,500 / year"
"Government Polytechnic, Mumbai",Mumbai Suburban,Government,Artificial Intelligence & Data Science,ST,68.0,"₹1,000 - ₹2,000 / year",Yes (Boys & Girls),"₹4,500 / year"
"Government Polytechnic, Mumbai",Mumbai Suburban,Government,Artificial Intelligence & Data Science,EWS,84.0,"₹3,875 / year",Yes (Boys & Girls),"₹4,500 / year"
"Government Polytechnic, Mumbai",Mumbai Suburban,Government,Artificial Intelligence & Data Science,NT-A,79.0,"₹3,875 / year",Yes (Boys & Girls),"₹4,500 / year"
"Government Polytechnic, Mumbai",Mumbai Suburban,Government,Artificial Intelligence & Data Science,NT-B,79.0,"₹3,875 / year",Yes (Boys & Girls),"₹4,500 / year"
"Government Polytechnic, Mumbai",Mumbai Suburban,Government,Artificial Intelligence & Data Science,NT-C,79.0,"₹3,875 / year",Yes (Boys & Girls),"₹4,500 / year"
"Government Polytechnic, Mumbai",Mumbai Suburban,Government,Artificial Intelligence & Data Science,NT-D,79.0,"₹3,875 / year",Yes (Boys & Girls),"₹4,500 / year"
"Government Polytechnic, Mumbai",Mumbai Suburban,Government,Artificial Intelligence & Data Science,VJ/DT,79.0,"₹3,875 / year",Yes (Boys & Girls),"₹4,500 / year"
"Government Polytechnic, Mumbai",Mumbai Suburban,Government,Artificial Intelligence & Data Science,TFWS,91.0,"₹1,000 - ₹2,000 / year",Yes (Boys & Girls),"₹4,500 / year"
"Government Polytechnic, Mumbai",Mumbai Suburban,Government,Electronics & Telecommunication,OPEN,82.0,"₹7,750 / year",Yes (Boys & Girls),"₹4,500 / year"
"Government Polytechnic, Mumbai",Mumbai Suburban,Government,Electronics & Telecommunication,OBC,78.0,"₹3,875 / year",Yes (Boys & Girls),"₹4,500 / year"
"Government Polytechnic, Mumbai",Mumbai Suburban,Government,Electronics & Telecommunication,SC,72.0,"₹1,000 - ₹2,000 / year",Yes (Boys & Girls),"₹4,500 / year"
"Government Polytechnic, Mumbai",Mumbai Suburban,Government,Electronics & Telecommunication,ST,64.0,"₹1,000 - ₹2,000 / year",Yes (Boys & Girls),"₹4,500 / year"
"Government Polytechnic, Mumbai",Mumbai Suburban,Government,Electronics & Telecommunication,EWS,80.0,"₹3,875 / year",Yes (Boys & Girls),"₹4,500 / year"
"Government Polytechnic, Mumbai",Mumbai Suburban,Government,Electronics & Telecommunication,NT-A,75.0,"₹3,875 / year",Yes (Boys & Girls),"₹4,500 / year"
"Government Polytechnic, Mumbai",Mumbai Suburban,Government,Electronics & Telecommunication,NT-B,75.0,"₹3,875 / year",Yes (Boys & Girls),"₹4,500 / year"
"Government Polytechnic, Mumbai",Mumbai Suburban,Government,Electronics & Telecommunication,NT-C,75.0,"₹3,875 / year",Yes (Boys & Girls),"₹4,500 / year"
"Government Polytechnic, Mumbai",Mumbai Suburban,Government,Electronics & Telecommunication,NT-D,75.0,"₹3,875 / year",Yes (Boys & Girls),"₹4,500 / year"
"Government Polytechnic, Mumbai",Mumbai Suburban,Government,Electronics & Telecommunication,VJ/DT,75.0,"₹3,875 / year",Yes (Boys & Girls),"₹4,500 / year"
"Government Polytechnic, Mumbai",Mumbai Suburban,Government,Electronics & Telecommunication,TFWS,87.0,"₹1,000 - ₹2,000 / year",Yes (Boys & Girls),"₹4,500 / year"
"Government Polytechnic, Mumbai",Mumbai Suburban,Government,Electrical Engineering,OPEN,82.0,"₹7,750 / year",Yes (Boys & Girls),"₹4,500 / year"
"Government Polytechnic, Mumbai",Mumbai Suburban,Government,Electrical Engineering,OBC,78.0,"₹3,875 / year",Yes (Boys & Girls),"₹4,500 / year"
"Government Polytechnic, Mumbai",Mumbai Suburban,Government,Electrical Engineering,SC,72.0,"₹1,000 - ₹2,000 / year",Yes (Boys & Girls),"₹4,500 / year"
"Government Polytechnic, Mumbai",Mumbai Suburban,Government,Electrical Engineering,ST,64.0,"₹1,000 - ₹2,000 / year",Yes (Boys & Girls),"₹4,500 / year"
"Government Polytechnic, Mumbai",Mumbai Suburban,Government,Electrical Engineering,EWS,80.0,"₹3,875 / year",Yes (Boys & Girls),"₹4,500 / year"
"Government Polytechnic, Mumbai",Mumbai Suburban,Government,Electrical Engineering,NT-A,75.0,"₹3,875 / year",Yes (Boys & Girls),"₹4,500 / year"
"Government Polytechnic, Mumbai",Mumbai Suburban,Government,Electrical Engineering,NT-B,75.0,"₹3,875 / year",Yes (Boys & Girls),"₹4,500 / year"
"Government Polytechnic, Mumbai",Mumbai Suburban,Government,Electrical Engineering,NT-C,75.0,"₹3,875 / year",Yes (Boys & Girls),"₹4,500 / year"
"Government Polytechnic, Mumbai",Mumbai Suburban,Government,Electrical Engineering,NT-D,75.0,"₹3,875 / year",Yes (Boys & Girls),"₹4,500 / year"
"Government Polytechnic, Mumbai",Mumbai Suburban,Government,Electrical Engineering,VJ/DT,75.0,"₹3,875 / year",Yes (Boys & Girls),"₹4,500 / year"
"Government Polytechnic, Mumbai",Mumbai Suburban,Government,Electrical Engineering,TFWS,87.0,"₹1,000 - ₹2,000 / year",Yes (Boys & Girls),"₹4,500 / year"
"Government Polytechnic, Mumbai",Mumbai Suburban,Government,Mechanical Engineering,OPEN,80.0,"₹7,750 / year",Yes (Boys & Girls),"₹4,500 / year"
"Government Polytechnic, Mumbai",Mumbai Suburban,Government,Mechanical Engineering,OBC,76.0,"₹3,875 / year",Yes (Boys & Girls),"₹4,500 / year"
"Government Polytechnic, Mumbai",Mumbai Suburban,Government,Mechanical Engineering,SC,70.0,"₹1,000 - ₹2,000 / year",Yes (Boys & Girls),"₹4,500 / year"
"Government Polytechnic, Mumbai",Mumbai Suburban,Government,Mechanical Engineering,ST,62.0,"₹1,000 - ₹2,000 / year",Yes (Boys & Girls),"₹4,500 / year"
"Government Polytechnic, Mumbai",Mumbai Suburban,Government,Mechanical Engineering,EWS,78.0,"₹3,875 / year",Yes (Boys & Girls),"₹4,500 / year"
"Government Polytechnic, Mumbai",Mumbai Suburban,Government,Mechanical Engineering,NT-A,73.0,"₹3,875 / year",Yes (Boys & Girls),"₹4,500 / year"
"Government Polytechnic, Mumbai",Mumbai Suburban,Government,Mechanical Engineering,NT-B,73.0,"₹3,875 / year",Yes (Boys & Girls),"₹4,500 / year"
"Government Polytechnic, Mumbai",Mumbai Suburban,Government,Mechanical Engineering,NT-C,73.0,"₹3,875 / year",Yes (Boys & Girls),"₹4,500 / year"
"Government Polytechnic, Mumbai",Mumbai Suburban,Government,Mechanical Engineering,NT-D,73.0,"₹3,875 / year",Yes (Boys & Girls),"₹4,500 / year"
"Government Polytechnic, Mumbai",Mumbai Suburban,Government,Mechanical Engineering,VJ/DT,73.0,"₹3,875 / year",Yes (Boys & Girls),"₹4,500 / year"
"Government Polytechnic, Mumbai",Mumbai Suburban,Government,Mechanical Engineering,TFWS,85.0,"₹1,000 - ₹2,000 / year",Yes (Boys & Girls),"₹4,500 / year"
"Government Polytechnic, Mumbai",Mumbai Suburban,Government,Civil Engineering,OPEN,80.0,"₹7,750 / year",Yes (Boys & Girls),"₹4,500 / year"
"Government Polytechnic, Mumbai",Mumbai Suburban,Government,Civil Engineering,OBC,76.0,"₹3,875 / year",Yes (Boys & Girls),"₹4,500 / year"
"Government Polytechnic, Mumbai",Mumbai Suburban,Government,Civil Engineering,SC,70.0,"₹1,000 - ₹2,000 / year",Yes (Boys & Girls),"₹4,500 / year"
"Government Polytechnic, Mumbai",Mumbai Suburban,Government,Civil Engineering,ST,62.0,"₹1,000 - ₹2,000 / year",Yes (Boys & Girls),"₹4,500 / year"
"Government Polytechnic, Mumbai",Mumbai Suburban,Government,Civil Engineering,EWS,78.0,"₹3,875 / year",Yes (Boys & Girls),"₹4,500 / year"
"Government Polytechnic, Mumbai",Mumbai Suburban,Government,Civil Engineering,NT-A,73.0,"₹3,875 / year",Yes (Boys & Girls),"₹4,500 / year"
"Government Polytechnic, Mumbai",Mumbai Suburban,Government,Civil Engineering,NT-B,73.0,"₹3,875 / year",Yes (Boys & Girls),"₹4,500 / year"
"Government Polytechnic, Mumbai",Mumbai Suburban,Government,Civil Engineering,NT-C,73.0,"₹3,875 / year",Yes (Boys & Girls),"₹4,500 / year"
"Government Polytechnic, Mumbai",Mumbai Suburban,Government,Civil Engineering,NT-D,73.0,"₹3,875 / year",Yes (Boys & Girls),"₹4,500 / year"
"Government Polytechnic, Mumbai",Mumbai Suburban,Government,Civil Engineering,VJ/DT,73.0,"₹3,875 / year",Yes (Boys & Girls),"₹4,500 / year"
"Government Polytechnic, Mumbai",Mumbai Suburban,Government,Civil Engineering,TFWS,85.0,"₹1,000 - ₹2,000 / year",Yes (Boys & Girls),"₹4,500 / year"
"Government Polytechnic, Mumbai",Mumbai Suburban,Government,Chemical Engineering,OPEN,80.0,"₹7,750 / year",Yes (Boys & Girls),"₹4,500 / year"
"Government Polytechnic, Mumbai",Mumbai Suburban,Government,Chemical Engineering,OBC,76.0,"₹3,875 / year",Yes (Boys & Girls),"₹4,500 / year"
"Government Polytechnic, Mumbai",Mumbai Suburban,Government,Chemical Engineering,SC,70.0,"₹1,000 - ₹2,000 / year",Yes (Boys & Girls),"₹4,500 / year"
"Government Polytechnic, Mumbai",Mumbai Suburban,Government,Chemical Engineering,ST,62.0,"₹1,000 - ₹2,000 / year",Yes (Boys & Girls),"₹4,500 / year"
"Government Polytechnic, Mumbai",Mumbai Suburban,Government,Chemical Engineering,EWS,78.0,"₹3,875 / year",Yes (Boys & Girls),"₹4,500 / year"
"Government Polytechnic, Mumbai",Mumbai Suburban,Government,Chemical Engineering,NT-A,73.0,"₹3,875 / year",Yes (Boys & Girls),"₹4,500 / year"
"Government Polytechnic, Mumbai",Mumbai Suburban,Government,Chemical Engineering,NT-B,73.0,"₹3,875 / year",Yes (Boys & Girls),"₹4,500 / year"
"Government Polytechnic, Mumbai",Mumbai Suburban,Government,Chemical Engineering,NT-C,73.0,"₹3,875 / year",Yes (Boys & Girls),"₹4,500 / year"
"Government Polytechnic, Mumbai",Mumbai Suburban,Government,Chemical Engineering,NT-D,73.0,"₹3,875 / year",Yes (Boys & Girls),"₹4,500 / year"
"Government Polytechnic, Mumbai",Mumbai Suburban,Government,Chemical Engineering,VJ/DT,73.0,"₹3,875 / year",Yes (Boys & Girls),"₹4,500 / year"
"Government Polytechnic, Mumbai",Mumbai Suburban,Government,Chemical Engineering,TFWS,85.0,"₹1,000 - ₹2,000 / year",Yes (Boys & Girls),"₹4,500 / year"
"Government Polytechnic, Mumbai",Mumbai Suburban,Government,Automobile Engineering,OPEN,80.0,"₹7,750 / year",Yes (Boys & Girls),"₹4,500 / year"
"Government Polytechnic, Mumbai",Mumbai Suburban,Government,Automobile Engineering,OBC,76.0,"₹3,875 / year",Yes (Boys & Girls),"₹4,500 / year"
"Government Polytechnic, Mumbai",Mumbai Suburban,Government,Automobile Engineering,SC,70.0,"₹1,000 - ₹2,000 / year",Yes (Boys & Girls),"₹4,500 / year"
"Government Polytechnic, Mumbai",Mumbai Suburban,Government,Automobile Engineering,ST,62.0,"₹1,000 - ₹2,000 / year",Yes (Boys & Girls),"₹4,500 / year"
"Government Polytechnic, Mumbai",Mumbai Suburban,Government,Automobile Engineering,EWS,78.0,"₹3,875 / year",Yes (Boys & Girls),"₹4,500 / year"
"Government Polytechnic, Mumbai",Mumbai Suburban,Government,Automobile Engineering,NT-A,73.0,"₹3,875 / year",Yes (Boys & Girls),"₹4,500 / year"
"Government Polytechnic, Mumbai",Mumbai Suburban,Government,Automobile Engineering,NT-B,73.0,"₹3,875 / year",Yes (Boys & Girls),"₹4,500 / year"
"Government Polytechnic, Mumbai",Mumbai Suburban,Government,Automobile Engineering,NT-C,73.0,"₹3,875 / year",Yes (Boys & Girls),"₹4,500 / year"
"Government Polytechnic, Mumbai",Mumbai Suburban,Government,Automobile Engineering,NT-D,73.0,"₹3,875 / year",Yes (Boys & Girls),"₹4,500 / year"
"Government Polytechnic, Mumbai",Mumbai Suburban,Government,Automobile Engineering,VJ/DT,73.0,"₹3,875 / year",Yes (Boys & Girls),"₹4,500 / year"
"Government Polytechnic, Mumbai",Mumbai Suburban,Government,Automobile Engineering,TFWS,85.0,"₹1,000 - ₹2,000 / year",Yes (Boys & Girls),"₹4,500 / year"
"Vivekanand Education Society Polytechnic, Chembur",Mumbai Suburban,Private (Aided/Un-Aided),Computer Engineering,OPEN,82.0,"₹65,000 / year",No (Local PG Available),"₹60,000 / year (PG)"
"Vivekanand Education Society Polytechnic, Chembur",Mumbai Suburban,Private (Aided/Un-Aided),Computer Engineering,OBC,78.0,"₹32,500 / year",No (Local PG Available),"₹60,000 / year (PG)"
"Vivekanand Education Society Polytechnic, Chembur",Mumbai Suburban,Private (Aided/Un-Aided),Computer Engineering,SC,72.0,"₹1,000 - ₹2,000 / year",No (Local PG Available),"₹60,000 / year (PG)"
"Vivekanand Education Society Polytechnic, Chembur",Mumbai Suburban,Private (Aided/Un-Aided),Computer Engineering,ST,64.0,"₹1,000 - ₹2,000 / year",No (Local PG Available),"₹60,000 / year (PG)"
"Vivekanand Education Society Polytechnic, Chembur",Mumbai Suburban,Private (Aided/Un-Aided),Computer Engineering,EWS,80.0,"₹32,500 / year",No (Local PG Available),"₹60,000 / year (PG)"
"Vivekanand Education Society Polytechnic, Chembur",Mumbai Suburban,Private (Aided/Un-Aided),Computer Engineering,NT-A,75.0,"₹32,500 / year",No (Local PG Available),"₹60,000 / year (PG)"
"Vivekanand Education Society Polytechnic, Chembur",Mumbai Suburban,Private (Aided/Un-Aided),Computer Engineering,NT-B,75.0,"₹32,500 / year",No (Local PG Available),"₹60,000 / year (PG)"
"Vivekanand Education Society Polytechnic, Chembur",Mumbai Suburban,Private (Aided/Un-Aided),Computer Engineering,NT-C,75.0,"₹32,500 / year",No (Local PG Available),"₹60,000 / year (PG)"
"Vivekanand Education Society Polytechnic, Chembur",Mumbai Suburban,Private (Aided/Un-Aided),Computer Engineering,NT-D,75.0,"₹32,500 / year",No (Local PG Available),"₹60,000 / year (PG)"
"Vivekanand Education Society Polytechnic, Chembur",Mumbai Suburban,Private (Aided/Un-Aided),Computer Engineering,VJ/DT,75.0,"₹32,500 / year",No (Local PG Available),"₹60,000 / year (PG)"
"Vivekanand Education Society Polytechnic, Chembur",Mumbai Suburban,Private (Aided/Un-Aided),Computer Engineering,TFWS,87.0,"₹1,000 - ₹2,000 / year",No (Local PG Available),"₹60,000 / year (PG)"
"Vivekanand Education Society Polytechnic, Chembur",Mumbai Suburban,Private (Aided/Un-Aided),Information Technology,OPEN,80.0,"₹65,000 / year",No (Local PG Available),"₹60,000 / year (PG)"
"Vivekanand Education Society Polytechnic, Chembur",Mumbai Suburban,Private (Aided/Un-Aided),Information Technology,OBC,76.0,"₹32,500 / year",No (Local PG Available),"₹60,000 / year (PG)"
"Vivekanand Education Society Polytechnic, Chembur",Mumbai Suburban,Private (Aided/Un-Aided),Information Technology,SC,70.0,"₹1,000 - ₹2,000 / year",No (Local PG Available),"₹60,000 / year (PG)"
"Vivekanand Education Society Polytechnic, Chembur",Mumbai Suburban,Private (Aided/Un-Aided),Information Technology,ST,62.0,"₹1,000 - ₹2,000 / year",No (Local PG Available),"₹60,000 / year (PG)"
"Vivekanand Education Society Polytechnic, Chembur",Mumbai Suburban,Private (Aided/Un-Aided),Information Technology,EWS,78.0,"₹32,500 / year",No (Local PG Available),"₹60,000 / year (PG)"
"Vivekanand Education Society Polytechnic, Chembur",Mumbai Suburban,Private (Aided/Un-Aided),Information Technology,NT-A,73.0,"₹32,500 / year",No (Local PG Available),"₹60,000 / year (PG)"
"Vivekanand Education Society Polytechnic, Chembur",Mumbai Suburban,Private (Aided/Un-Aided),Information Technology,NT-B,73.0,"₹32,500 / year",No (Local PG Available),"₹60,000 / year (PG)"
"Vivekanand Education Society Polytechnic, Chembur",Mumbai Suburban,Private (Aided/Un-Aided),Information Technology,NT-C,73.0,"₹32,500 / year",No (Local PG Available),"₹60,000 / year (PG)"
"Vivekanand Education Society Polytechnic, Chembur",Mumbai Suburban,Private (Aided/Un-Aided),Information Technology,NT-D,73.0,"₹32,500 / year",No (Local PG Available),"₹60,000 / year (PG)"
"Vivekanand Education Society Polytechnic, Chembur",Mumbai Suburban,Private (Aided/Un-Aided),Information Technology,VJ/DT,73.0,"₹32,500 / year",No (Local PG Available),"₹60,000 / year (PG)"
"Vivekanand Education Society Polytechnic, Chembur",Mumbai Suburban,Private (Aided/Un-Aided),Information Technology,TFWS,85.0,"₹1,000 - ₹2,000 / year",No (Local PG Available),"₹60,000 / year (PG)"
"Vivekanand Education Society Polytechnic, Chembur",Mumbai Suburban,Private (Aided/Un-Aided),Artificial Intelligence & Data Science,OPEN,80.0,"₹65,000 / year",No (Local PG Available),"₹60,000 / year (PG)"
"Vivekanand Education Society Polytechnic, Chembur",Mumbai Suburban,Private (Aided/Un-Aided),Artificial Intelligence & Data Science,OBC,76.0,"₹32,500 / year",No (Local PG Available),"₹60,000 / year (PG)"
"Vivekanand Education Society Polytechnic, Chembur",Mumbai Suburban,Private (Aided/Un-Aided),Artificial Intelligence & Data Science,SC,70.0,"₹1,000 - ₹2,000 / year",No (Local PG Available),"₹60,000 / year (PG)"
"Vivekanand Education Society Polytechnic, Chembur",Mumbai Suburban,Private (Aided/Un-Aided),Artificial Intelligence & Data Science,ST,62.0,"₹1,000 - ₹2,000 / year",No (Local PG Available),"₹60,000 / year (PG)"
"Vivekanand Education Society Polytechnic, Chembur",Mumbai Suburban,Private (Aided/Un-Aided),Artificial Intelligence & Data Science,EWS,78.0,"₹32,500 / year",No (Local PG Available),"₹60,000 / year (PG)"
"Vivekanand Education Society Polytechnic, Chembur",Mumbai Suburban,Private (Aided/Un-Aided),Artificial Intelligence & Data Science,NT-A,73.0,"₹32,500 / year",No (Local PG Available),"₹60,000 / year (PG)"
"Vivekanand Education Society Polytechnic, Chembur",Mumbai Suburban,Private (Aided/Un-Aided),Artificial Intelligence & Data Science,NT-B,73.0,"₹32,500 / year",No (Local PG Available),"₹60,000 / year (PG)"
"Vivekanand Education Society Polytechnic, Chembur",Mumbai Suburban,Private (Aided/Un-Aided),Artificial Intelligence & Data Science,NT-C,73.0,"₹32,500 / year",No (Local PG Available),"₹60,000 / year (PG)"
"Vivekanand Education Society Polytechnic, Chembur",Mumbai Suburban,Private (Aided/Un-Aided),Artificial Intelligence & Data Science,NT-D,73.0,"₹32,500 / year",No (Local PG Available),"₹60,000 / year (PG)"
"Vivekanand Education Society Polytechnic, Chembur",Mumbai Suburban,Private (Aided/Un-Aided),Artificial Intelligence & Data Science,VJ/DT,73.0,"₹32,500 / year",No (Local PG Available),"₹60,000 / year (PG)"
"Vivekanand Education Society Polytechnic, Chembur",Mumbai Suburban,Private (Aided/Un-Aided),Artificial Intelligence & Data Science,TFWS,85.0,"₹1,000 - ₹2,000 / year",No (Local PG Available),"₹60,000 / year (PG)"
"Vivekanand Education Society Polytechnic, Chembur",Mumbai Suburban,Private (Aided/Un-Aided),Electronics & Telecommunication,OPEN,76.0,"₹65,000 / year",No (Local PG Available),"₹60,000 / year (PG)"
"Vivekanand Education Society Polytechnic, Chembur",Mumbai Suburban,Private (Aided/Un-Aided),Electronics & Telecommunication,OBC,72.0,"₹32,500 / year",No (Local PG Available),"₹60,000 / year (PG)"
"Vivekanand Education Society Polytechnic, Chembur",Mumbai Suburban,Private (Aided/Un-Aided),Electronics & Telecommunication,SC,66.0,"₹1,000 - ₹2,000 / year",No (Local PG Available),"₹60,000 / year (PG)"
"Vivekanand Education Society Polytechnic, Chembur",Mumbai Suburban,Private (Aided/Un-Aided),Electronics & Telecommunication,ST,58.0,"₹1,000 - ₹2,000 / year",No (Local PG Available),"₹60,000 / year (PG)"
"Vivekanand Education Society Polytechnic, Chembur",Mumbai Suburban,Private (Aided/Un-Aided),Electronics & Telecommunication,EWS,74.0,"₹32,500 / year",No (Local PG Available),"₹60,000 / year (PG)"
"Vivekanand Education Society Polytechnic, Chembur",Mumbai Suburban,Private (Aided/Un-Aided),Electronics & Telecommunication,NT-A,69.0,"₹32,500 / year",No (Local PG Available),"₹60,000 / year (PG)"
"Vivekanand Education Society Polytechnic, Chembur",Mumbai Suburban,Private (Aided/Un-Aided),Electronics & Telecommunication,NT-B,69.0,"₹32,500 / year",No (Local PG Available),"₹60,000 / year (PG)"
"Vivekanand Education Society Polytechnic, Chembur",Mumbai Suburban,Private (Aided/Un-Aided),Electronics & Telecommunication,NT-C,69.0,"₹32,500 / year",No (Local PG Available),"₹60,000 / year (PG)"
"Vivekanand Education Society Polytechnic, Chembur",Mumbai Suburban,Private (Aided/Un-Aided),Electronics & Telecommunication,NT-D,69.0,"₹32,500 / year",No (Local PG Available),"₹60,000 / year (PG)"
"Vivekanand Education Society Polytechnic, Chembur",Mumbai Suburban,Private (Aided/Un-Aided),Electronics & Telecommunication,VJ/DT,69.0,"₹32,500 / year",No (Local PG Available),"₹60,000 / year (PG)"
"Vivekanand Education Society Polytechnic, Chembur",Mumbai Suburban,Private (Aided/Un-Aided),Electronics & Telecommunication,TFWS,81.0,"₹1,000 - ₹2,000 / year",No (Local PG Available),"₹60,000 / year (PG)"
"Vivekanand Education Society Polytechnic, Chembur",Mumbai Suburban,Private (Aided/Un-Aided),Electrical Engineering,OPEN,76.0,"₹65,000 / year",No (Local PG Available),"₹60,000 / year (PG)"
"Vivekanand Education Society Polytechnic, Chembur",Mumbai Suburban,Private (Aided/Un-Aided),Electrical Engineering,OBC,72.0,"₹32,500 / year",No (Local PG Available),"₹60,000 / year (PG)"
"Vivekanand Education Society Polytechnic, Chembur",Mumbai Suburban,Private (Aided/Un-Aided),Electrical Engineering,SC,66.0,"₹1,000 - ₹2,000 / year",No (Local PG Available),"₹60,000 / year (PG)"
"Vivekanand Education Society Polytechnic, Chembur",Mumbai Suburban,Private (Aided/Un-Aided),Electrical Engineering,ST,58.0,"₹1,000 - ₹2,000 / year",No (Local PG Available),"₹60,000 / year (PG)"
"Vivekanand Education Society Polytechnic, Chembur",Mumbai Suburban,Private (Aided/Un-Aided),Electrical Engineering,EWS,74.0,"₹32,500 / year",No (Local PG Available),"₹60,000 / year (PG)"
"Vivekanand Education Society Polytechnic, Chembur",Mumbai Suburban,Private (Aided/Un-Aided),Electrical Engineering,NT-A,69.0,"₹32,500 / year",No (Local PG Available),"₹60,000 / year (PG)"
"Vivekanand Education Society Polytechnic, Chembur",Mumbai Suburban,Private (Aided/Un-Aided),Electrical Engineering,NT-B,69.0,"₹32,500 / year",No (Local PG Available),"₹60,000 / year (PG)"
"Vivekanand Education Society Polytechnic, Chembur",Mumbai Suburban,Private (Aided/Un-Aided),Electrical Engineering,NT-C,69.0,"₹32,500 / year",No (Local PG Available),"₹60,000 / year (PG)"
"Vivekanand Education Society Polytechnic, Chembur",Mumbai Suburban,Private (Aided/Un-Aided),Electrical Engineering,NT-D,69.0,"₹32,500 / year",No (Local PG Available),"₹60,000 / year (PG)"
"Vivekanand Education Society Polytechnic, Chembur",Mumbai Suburban,Private (Aided/Un-Aided),Electrical Engineering,VJ/DT,69.0,"₹32,500 / year",No (Local PG Available),"₹60,000 / year (PG)"
"Vivekanand Education Society Polytechnic, Chembur",Mumbai Suburban,Private (Aided/Un-Aided),Electrical Engineering,TFWS,81.0,"₹1,000 - ₹2,000 / year",No (Local PG Available),"₹60,000 / year (PG)"
"Vivekanand Education Society Polytechnic, Chembur",Mumbai Suburban,Private (Aided/Un-Aided),Mechanical Engineering,OPEN,74.0,"₹65,000 / year",No (Local PG Available),"₹60,000 / year (PG)"
"Vivekanand Education Society Polytechnic, Chembur",Mumbai Suburban,Private (Aided/Un-Aided),Mechanical Engineering,OBC,70.0,"₹32,500 / year",No (Local PG Available),"₹60,000 / year (PG)"
"Vivekanand Education Society Polytechnic, Chembur",Mumbai Suburban,Private (Aided/Un-Aided),Mechanical Engineering,SC,64.0,"₹1,000 - ₹2,000 / year",No (Local PG Available),"₹60,000 / year (PG)"
"Vivekanand Education Society Polytechnic, Chembur",Mumbai Suburban,Private (Aided/Un-Aided),Mechanical Engineering,ST,56.0,"₹1,000 - ₹2,000 / year",No (Local PG Available),"₹60,000 / year (PG)"
"Vivekanand Education Society Polytechnic, Chembur",Mumbai Suburban,Private (Aided/Un-Aided),Mechanical Engineering,EWS,72.0,"₹32,500 / year",No (Local PG Available),"₹60,000 / year (PG)"
"Vivekanand Education Society Polytechnic, Chembur",Mumbai Suburban,Private (Aided/Un-Aided),Mechanical Engineering,NT-A,67.0,"₹32,500 / year",No (Local PG Available),"₹60,000 / year (PG)"
"Vivekanand Education Society Polytechnic, Chembur",Mumbai Suburban,Private (Aided/Un-Aided),Mechanical Engineering,NT-B,67.0,"₹32,500 / year",No (Local PG Available),"₹60,000 / year (PG)"
"Vivekanand Education Society Polytechnic, Chembur",Mumbai Suburban,Private (Aided/Un-Aided),Mechanical Engineering,NT-C,67.0,"₹32,500 / year",No (Local PG Available),"₹60,000 / year (PG)"
"Vivekanand Education Society Polytechnic, Chembur",Mumbai Suburban,Private (Aided/Un-Aided),Mechanical Engineering,NT-D,67.0,"₹32,500 / year",No (Local PG Available),"₹60,000 / year (PG)"
"Vivekanand Education Society Polytechnic, Chembur",Mumbai Suburban,Private (Aided/Un-Aided),Mechanical Engineering,VJ/DT,67.0,"₹32,500 / year",No (Local PG Available),"₹60,000 / year (PG)"
"Vivekanand Education Society Polytechnic, Chembur",Mumbai Suburban,Private (Aided/Un-Aided),Mechanical Engineering,TFWS,79.0,"₹1,000 - ₹2,000 / year",No (Local PG Available),"₹60,000 / year (PG)"
"Vivekanand Education Society Polytechnic, Chembur",Mumbai Suburban,Private (Aided/Un-Aided),Civil Engineering,OPEN,74.0,"₹65,000 / year",No (Local PG Available),"₹60,000 / year (PG)"
"Vivekanand Education Society Polytechnic, Chembur",Mumbai Suburban,Private (Aided/Un-Aided),Civil Engineering,OBC,70.0,"₹32,500 / year",No (Local PG Available),"₹60,000 / year (PG)"
"Vivekanand Education Society Polytechnic, Chembur",Mumbai Suburban,Private (Aided/Un-Aided),Civil Engineering,SC,64.0,"₹1,000 - ₹2,000 / year",No (Local PG Available),"₹60,000 / year (PG)"
"Vivekanand Education Society Polytechnic, Chembur",Mumbai Suburban,Private (Aided/Un-Aided),Civil Engineering,ST,56.0,"₹1,000 - ₹2,000 / year",No (Local PG Available),"₹60,000 / year (PG)"
"Vivekanand Education Society Polytechnic, Chembur",Mumbai Suburban,Private (Aided/Un-Aided),Civil Engineering,EWS,72.0,"₹32,500 / year",No (Local PG Available),"₹60,000 / year (PG)"
"Vivekanand Education Society Polytechnic, Chembur",Mumbai Suburban,Private (Aided/Un-Aided),Civil Engineering,NT-A,67.0,"₹32,500 / year",No (Local PG Available),"₹60,000 / year (PG)"
"Vivekanand Education Society Polytechnic, Chembur",Mumbai Suburban,Private (Aided/Un-Aided),Civil Engineering,NT-B,67.0,"₹32,500 / year",No (Local PG Available),"₹60,000 / year (PG)"
"Vivekanand Education Society Polytechnic, Chembur",Mumbai Suburban,Private (Aided/Un-Aided),Civil Engineering,NT-C,67.0,"₹32,500 / year",No (Local PG Available),"₹60,000 / year (PG)"
"Vivekanand Education Society Polytechnic, Chembur",Mumbai Suburban,Private (Aided/Un-Aided),Civil Engineering,NT-D,67.0,"₹32,500 / year",No (Local PG Available),"₹60,000 / year (PG)"
"Vivekanand Education Society Polytechnic, Chembur",Mumbai Suburban,Private (Aided/Un-Aided),Civil Engineering,VJ/DT,67.0,"₹32,500 / year",No (Local PG Available),"₹60,000 / year (PG)"
"Vivekanand Education Society Polytechnic, Chembur",Mumbai Suburban,Private (Aided/Un-Aided),Civil Engineering,TFWS,79.0,"₹1,000 - ₹2,000 / year",No (Local PG Available),"₹60,000 / year (PG)"
"Vivekanand Education Society Polytechnic, Chembur",Mumbai Suburban,Private (Aided/Un-Aided),Chemical Engineering,OPEN,74.0,"₹65,000 / year",No (Local PG Available),"₹60,000 / year (PG)"
"Vivekanand Education Society Polytechnic, Chembur",Mumbai Suburban,Private (Aided/Un-Aided),Chemical Engineering,OBC,70.0,"₹32,500 / year",No (Local PG Available),"₹60,000 / year (PG)"
"Vivekanand Education Society Polytechnic, Chembur",Mumbai Suburban,Private (Aided/Un-Aided),Chemical Engineering,SC,64.0,"₹1,000 - ₹2,000 / year",No (Local PG Available),"₹60,000 / year (PG)"
"Vivekanand Education Society Polytechnic, Chembur",Mumbai Suburban,Private (Aided/Un-Aided),Chemical Engineering,ST,56.0,"₹1,000 - ₹2,000 / year",No (Local PG Available),"₹60,000 / year (PG)"
"Vivekanand Education Society Polytechnic, Chembur",Mumbai Suburban,Private (Aided/Un-Aided),Chemical Engineering,EWS,72.0,"₹32,500 / year",No (Local PG Available),"₹60,000 / year (PG)"
"Vivekanand Education Society Polytechnic, Chembur",Mumbai Suburban,Private (Aided/Un-Aided),Chemical Engineering,NT-A,67.0,"₹32,500 / year",No (Local PG Available),"₹60,000 / year (PG)"
"Vivekanand Education Society Polytechnic, Chembur",Mumbai Suburban,Private (Aided/Un-Aided),Chemical Engineering,NT-B,67.0,"₹32,500 / year",No (Local PG Available),"₹60,000 / year (PG)"
"Vivekanand Education Society Polytechnic, Chembur",Mumbai Suburban,Private (Aided/Un-Aided),Chemical Engineering,NT-C,67.0,"₹32,500 / year",No (Local PG Available),"₹60,000 / year (PG)"
"Vivekanand Education Society Polytechnic, Chembur",Mumbai Suburban,Private (Aided/Un-Aided),Chemical Engineering,NT-D,67.0,"₹32,500 / year",No (Local PG Available),"₹60,000 / year (PG)"
"Vivekanand Education Society Polytechnic, Chembur",Mumbai Suburban,Private (Aided/Un-Aided),Chemical Engineering,VJ/DT,67.0,"₹32,500 / year",No (Local PG Available),"₹60,000 / year (PG)"
"Vivekanand Education Society Polytechnic, Chembur",Mumbai Suburban,Private (Aided/Un-Aided),Chemical Engineering,TFWS,79.0,"₹1,000 - ₹2,000 / year",No (Local PG Available),"₹60,000 / year (PG)"
"Vivekanand Education Society Polytechnic, Chembur",Mumbai Suburban,Private (Aided/Un-Aided),Automobile Engineering,OPEN,74.0,"₹65,000 / year",No (Local PG Available),"₹60,000 / year (PG)"
"Vivekanand Education Society Polytechnic, Chembur",Mumbai Suburban,Private (Aided/Un-Aided),Automobile Engineering,OBC,70.0,"₹32,500 / year",No (Local PG Available),"₹60,000 / year (PG)"
"Vivekanand Education Society Polytechnic, Chembur",Mumbai Suburban,Private (Aided/Un-Aided),Automobile Engineering,SC,64.0,"₹1,000 - ₹2,000 / year",No (Local PG Available),"₹60,000 / year (PG)"
"Vivekanand Education Society Polytechnic, Chembur",Mumbai Suburban,Private (Aided/Un-Aided),Automobile Engineering,ST,56.0,"₹1,000 - ₹2,000 / year",No (Local PG Available),"₹60,000 / year (PG)"
"Vivekanand Education Society Polytechnic, Chembur",Mumbai Suburban,Private (Aided/Un-Aided),Automobile Engineering,EWS,72.0,"₹32,500 / year",No (Local PG Available),"₹60,000 / year (PG)"
"Vivekanand Education Society Polytechnic, Chembur",Mumbai Suburban,Private (Aided/Un-Aided),Automobile Engineering,NT-A,67.0,"₹32,500 / year",No (Local PG Available),"₹60,000 / year (PG)"
"Vivekanand Education Society Polytechnic, Chembur",Mumbai Suburban,Private (Aided/Un-Aided),Automobile Engineering,NT-B,67.0,"₹32,500 / year",No (Local PG Available),"₹60,000 / year (PG)"
"Vivekanand Education Society Polytechnic, Chembur",Mumbai Suburban,Private (Aided/Un-Aided),Automobile Engineering,NT-C,67.0,"₹32,500 / year",No (Local PG Available),"₹60,000 / year (PG)"
"Vivekanand Education Society Polytechnic, Chembur",Mumbai Suburban,Private (Aided/Un-Aided),Automobile Engineering,NT-D,67.0,"₹32,500 / year",No (Local PG Available),"₹60,000 / year (PG)"
"Vivekanand Education Society Polytechnic, Chembur",Mumbai Suburban,Private (Aided/Un-Aided),Automobile Engineering,VJ/DT,67.0,"₹32,500 / year",No (Local PG Available),"₹60,000 / year (PG)"
"Vivekanand Education Society Polytechnic, Chembur",Mumbai Suburban,Private (Aided/Un-Aided),Automobile Engineering,TFWS,79.0,"₹1,000 - ₹2,000 / year",No (Local PG Available),"₹60,000 / year (PG)"
"Government Polytechnic, Pune",Pune,Government,Computer Engineering,OPEN,89.0,"₹7,750 / year",Yes (Boys & Girls),"₹4,500 / year"
"Government Polytechnic, Pune",Pune,Government,Computer Engineering,OBC,85.0,"₹3,875 / year",Yes (Boys & Girls),"₹4,500 / year"
"Government Polytechnic, Pune",Pune,Government,Computer Engineering,SC,79.0,"₹1,000 - ₹2,000 / year",Yes (Boys & Girls),"₹4,500 / year"
"Government Polytechnic, Pune",Pune,Government,Computer Engineering,ST,71.0,"₹1,000 - ₹2,000 / year",Yes (Boys & Girls),"₹4,500 / year"
"Government Polytechnic, Pune",Pune,Government,Computer Engineering,EWS,87.0,"₹3,875 / year",Yes (Boys & Girls),"₹4,500 / year"
"Government Polytechnic, Pune",Pune,Government,Computer Engineering,NT-A,82.0,"₹3,875 / year",Yes (Boys & Girls),"₹4,500 / year"
"Government Polytechnic, Pune",Pune,Government,Computer Engineering,NT-B,82.0,"₹3,875 / year",Yes (Boys & Girls),"₹4,500 / year"
"Government Polytechnic, Pune",Pune,Government,Computer Engineering,NT-C,82.0,"₹3,875 / year",Yes (Boys & Girls),"₹4,500 / year"
"Government Polytechnic, Pune",Pune,Government,Computer Engineering,NT-D,82.0,"₹3,875 / year",Yes (Boys & Girls),"₹4,500 / year"
"Government Polytechnic, Pune",Pune,Government,Computer Engineering,VJ/DT,82.0,"₹3,875 / year",Yes (Boys & Girls),"₹4,500 / year"
"Government Polytechnic, Pune",Pune,Government,Computer Engineering,TFWS,94.0,"₹1,000 - ₹2,000 / year",Yes (Boys & Girls),"₹4,500 / year"
"Government Polytechnic, Pune",Pune,Government,Information Technology,OPEN,87.0,"₹7,750 / year",Yes (Boys & Girls),"₹4,500 / year"
"Government Polytechnic, Pune",Pune,Government,Information Technology,OBC,83.0,"₹3,875 / year",Yes (Boys & Girls),"₹4,500 / year"
"Government Polytechnic, Pune",Pune,Government,Information Technology,SC,77.0,"₹1,000 - ₹2,000 / year",Yes (Boys & Girls),"₹4,500 / year"
"Government Polytechnic, Pune",Pune,Government,Information Technology,ST,69.0,"₹1,000 - ₹2,000 / year",Yes (Boys & Girls),"₹4,500 / year"
"Government Polytechnic, Pune",Pune,Government,Information Technology,EWS,85.0,"₹3,875 / year",Yes (Boys & Girls),"₹4,500 / year"
"Government Polytechnic, Pune",Pune,Government,Information Technology,NT-A,80.0,"₹3,875 / year",Yes (Boys & Girls),"₹4,500 / year"
"Government Polytechnic, Pune",Pune,Government,Information Technology,NT-B,80.0,"₹3,875 / year",Yes (Boys & Girls),"₹4,500 / year"
"Government Polytechnic, Pune",Pune,Government,Information Technology,NT-C,80.0,"₹3,875 / year",Yes (Boys & Girls),"₹4,500 / year"
"Government Polytechnic, Pune",Pune,Government,Information Technology,NT-D,80.0,"₹3,875 / year",Yes (Boys & Girls),"₹4,500 / year"
"Government Polytechnic, Pune",Pune,Government,Information Technology,VJ/DT,80.0,"₹3,875 / year",Yes (Boys & Girls),"₹4,500 / year"
"Government Polytechnic, Pune",Pune,Government,Information Technology,TFWS,92.0,"₹1,000 - ₹2,000 / year",Yes (Boys & Girls),"₹4,500 / year"
"Government Polytechnic, Pune",Pune,Government,Artificial Intelligence & Data Science,OPEN,87.0,"₹7,750 / year",Yes (Boys & Girls),"₹4,500 / year"
"Government Polytechnic, Pune",Pune,Government,Artificial Intelligence & Data Science,OBC,83.0,"₹3,875 / year",Yes (Boys & Girls),"₹4,500 / year"
"Government Polytechnic, Pune",Pune,Government,Artificial Intelligence & Data Science,SC,77.0,"₹1,000 - ₹2,000 / year",Yes (Boys & Girls),"₹4,500 / year"
"Government Polytechnic, Pune",Pune,Government,Artificial Intelligence & Data Science,ST,69.0,"₹1,000 - ₹2,000 / year",Yes (Boys & Girls),"₹4,500 / year"
"Government Polytechnic, Pune",Pune,Government,Artificial Intelligence & Data Science,EWS,85.0,"₹3,875 / year",Yes (Boys & Girls),"₹4,500 / year"
"Government Polytechnic, Pune",Pune,Government,Artificial Intelligence & Data Science,NT-A,80.0,"₹3,875 / year",Yes (Boys & Girls),"₹4,500 / year"
"Government Polytechnic, Pune",Pune,Government,Artificial Intelligence & Data Science,NT-B,80.0,"₹3,875 / year",Yes (Boys & Girls),"₹4,500 / year"
"Government Polytechnic, Pune",Pune,Government,Artificial Intelligence & Data Science,NT-C,80.0,"₹3,875 / year",Yes (Boys & Girls),"₹4,500 / year"
"Government Polytechnic, Pune",Pune,Government,Artificial Intelligence & Data Science,NT-D,80.0,"₹3,875 / year",Yes (Boys & Girls),"₹4,500 / year"
"Government Polytechnic, Pune",Pune,Government,Artificial Intelligence & Data Science,VJ/DT,80.0,"₹3,875 / year",Yes (Boys & Girls),"₹4,500 / year"
"Government Polytechnic, Pune",Pune,Government,Artificial Intelligence & Data Science,TFWS,92.0,"₹1,000 - ₹2,000 / year",Yes (Boys & Girls),"₹4,500 / year"
"Government Polytechnic, Pune",Pune,Government,Electronics & Telecommunication,OPEN,83.0,"₹7,750 / year",Yes (Boys & Girls),"₹4,500 / year"
"Government Polytechnic, Pune",Pune,Government,Electronics & Telecommunication,OBC,79.0,"₹3,875 / year",Yes (Boys & Girls),"₹4,500 / year"
"Government Polytechnic, Pune",Pune,Government,Electronics & Telecommunication,SC,73.0,"₹1,000 - ₹2,000 / year",Yes (Boys & Girls),"₹4,500 / year"
"Government Polytechnic, Pune",Pune,Government,Electronics & Telecommunication,ST,65.0,"₹1,000 - ₹2,000 / year",Yes (Boys & Girls),"₹4,500 / year"
"Government Polytechnic, Pune",Pune,Government,Electronics & Telecommunication,EWS,81.0,"₹3,875 / year",Yes (Boys & Girls),"₹4,500 / year"
"Government Polytechnic, Pune",Pune,Government,Electronics & Telecommunication,NT-A,76.0,"₹3,875 / year",Yes (Boys & Girls),"₹4,500 / year"
"Government Polytechnic, Pune",Pune,Government,Electronics & Telecommunication,NT-B,76.0,"₹3,875 / year",Yes (Boys & Girls),"₹4,500 / year"
"Government Polytechnic, Pune",Pune,Government,Electronics & Telecommunication,NT-C,76.0,"₹3,875 / year",Yes (Boys & Girls),"₹4,500 / year"
"Government Polytechnic, Pune",Pune,Government,Electronics & Telecommunication,NT-D,76.0,"₹3,875 / year",Yes (Boys & Girls),"₹4,500 / year"
"Government Polytechnic, Pune",Pune,Government,Electronics & Telecommunication,VJ/DT,76.0,"₹3,875 / year",Yes (Boys & Girls),"₹4,500 / year"
"Government Polytechnic, Pune",Pune,Government,Electronics & Telecommunication,TFWS,88.0,"₹1,000 - ₹2,000 / year",Yes (Boys & Girls),"₹4,500 / year"
"Government Polytechnic, Pune",Pune,Government,Electrical Engineering,OPEN,83.0,"₹7,750 / year",Yes (Boys & Girls),"₹4,500 / year"
"Government Polytechnic, Pune",Pune,Government,Electrical Engineering,OBC,79.0,"₹3,875 / year",Yes (Boys & Girls),"₹4,500 / year"
"Government Polytechnic, Pune",Pune,Government,Electrical Engineering,SC,73.0,"₹1,000 - ₹2,000 / year",Yes (Boys & Girls),"₹4,500 / year"
"Government Polytechnic, Pune",Pune,Government,Electrical Engineering,ST,65.0,"₹1,000 - ₹2,000 / year",Yes (Boys & Girls),"₹4,500 / year"
"Government Polytechnic, Pune",Pune,Government,Electrical Engineering,EWS,81.0,"₹3,875 / year",Yes (Boys & Girls),"₹4,500 / year"
"Government Polytechnic, Pune",Pune,Government,Electrical Engineering,NT-A,76.0,"₹3,875 / year",Yes (Boys & Girls),"₹4,500 / year"
"Government Polytechnic, Pune",Pune,Government,Electrical Engineering,NT-B,76.0,"₹3,875 / year",Yes (Boys & Girls),"₹4,500 / year"
"Government Polytechnic, Pune",Pune,Government,Electrical Engineering,NT-C,76.0,"₹3,875 / year",Yes (Boys & Girls),"₹4,500 / year"
"Government Polytechnic, Pune",Pune,Government,Electrical Engineering,NT-D,76.0,"₹3,875 / year",Yes (Boys & Girls),"₹4,500 / year"
"Government Polytechnic, Pune",Pune,Government,Electrical Engineering,VJ/DT,76.0,"₹3,875 / year",Yes (Boys & Girls),"₹4,500 / year"
"Government Polytechnic, Pune",Pune,Government,Electrical Engineering,TFWS,88.0,"₹1,000 - ₹2,000 / year",Yes (Boys & Girls),"₹4,500 / year"
"Government Polytechnic, Pune",Pune,Government,Mechanical Engineering,OPEN,81.0,"₹7,750 / year",Yes (Boys & Girls),"₹4,500 / year"
"Government Polytechnic, Pune",Pune,Government,Mechanical Engineering,OBC,77.0,"₹3,875 / year",Yes (Boys & Girls),"₹4,500 / year"
"Government Polytechnic, Pune",Pune,Government,Mechanical Engineering,SC,71.0,"₹1,000 - ₹2,000 / year",Yes (Boys & Girls),"₹4,500 / year"
"Government Polytechnic, Pune",Pune,Government,Mechanical Engineering,ST,63.0,"₹1,000 - ₹2,000 / year",Yes (Boys & Girls),"₹4,500 / year"
"Government Polytechnic, Pune",Pune,Government,Mechanical Engineering,EWS,79.0,"₹3,875 / year",Yes (Boys & Girls),"₹4,500 / year"
"Government Polytechnic, Pune",Pune,Government,Mechanical Engineering,NT-A,74.0,"₹3,875 / year",Yes (Boys & Girls),"₹4,500 / year"
"Government Polytechnic, Pune",Pune,Government,Mechanical Engineering,NT-B,74.0,"₹3,875 / year",Yes (Boys & Girls),"₹4,500 / year"
"Government Polytechnic, Pune",Pune,Government,Mechanical Engineering,NT-C,74.0,"₹3,875 / year",Yes (Boys & Girls),"₹4,500 / year"
"Government Polytechnic, Pune",Pune,Government,Mechanical Engineering,NT-D,74.0,"₹3,875 / year",Yes (Boys & Girls),"₹4,500 / year"
"Government Polytechnic, Pune",Pune,Government,Mechanical Engineering,VJ/DT,74.0,"₹3,875 / year",Yes (Boys & Girls),"₹4,500 / year"
"Government Polytechnic, Pune",Pune,Government,Mechanical Engineering,TFWS,86.0,"₹1,000 - ₹2,000 / year",Yes (Boys & Girls),"₹4,500 / year"
"Government Polytechnic, Pune",Pune,Government,Civil Engineering,OPEN,81.0,"₹7,750 / year",Yes (Boys & Girls),"₹4,500 / year"
"Government Polytechnic, Pune",Pune,Government,Civil Engineering,OBC,77.0,"₹3,875 / year",Yes (Boys & Girls),"₹4,500 / year"
"Government Polytechnic, Pune",Pune,Government,Civil Engineering,SC,71.0,"₹1,000 - ₹2,000 / year",Yes (Boys & Girls),"₹4,500 / year"
"Government Polytechnic, Pune",Pune,Government,Civil Engineering,ST,63.0,"₹1,000 - ₹2,000 / year",Yes (Boys & Girls),"₹4,500 / year"
"Government Polytechnic, Pune",Pune,Government,Civil Engineering,EWS,79.0,"₹3,875 / year",Yes (Boys & Girls),"₹4,500 / year"
"Government Polytechnic, Pune",Pune,Government,Civil Engineering,NT-A,74.0,"₹3,875 / year",Yes (Boys & Girls),"₹4,500 / year"
"Government Polytechnic, Pune",Pune,Government,Civil Engineering,NT-B,74.0,"₹3,875 / year",Yes (Boys & Girls),"₹4,500 / year"
"Government Polytechnic, Pune",Pune,Government,Civil Engineering,NT-C,74.0,"₹3,875 / year",Yes (Boys & Girls),"₹4,500 / year"
"Government Polytechnic, Pune",Pune,Government,Civil Engineering,NT-D,74.0,"₹3,875 / year",Yes (Boys & Girls),"₹4,500 / year"
"Government Polytechnic, Pune",Pune,Government,Civil Engineering,VJ/DT,74.0,"₹3,875 / year",Yes (Boys & Girls),"₹4,500 / year"
"Government Polytechnic, Pune",Pune,Government,Civil Engineering,TFWS,86.0,"₹1,000 - ₹2,000 / year",Yes (Boys & Girls),"₹4,500 / year"
"Government Polytechnic, Pune",Pune,Government,Chemical Engineering,OPEN,81.0,"₹7,750 / year",Yes (Boys & Girls),"₹4,500 / year"
"Government Polytechnic, Pune",Pune,Government,Chemical Engineering,OBC,77.0,"₹3,875 / year",Yes (Boys & Girls),"₹4,500 / year"
"Government Polytechnic, Pune",Pune,Government,Chemical Engineering,SC,71.0,"₹1,000 - ₹2,000 / year",Yes (Boys & Girls),"₹4,500 / year"
"Government Polytechnic, Pune",Pune,Government,Chemical Engineering,ST,63.0,"₹1,000 - ₹2,000 / year",Yes (Boys & Girls),"₹4,500 / year"
"Government Polytechnic, Pune",Pune,Government,Chemical Engineering,EWS,79.0,"₹3,875 / year",Yes (Boys & Girls),"₹4,500 / year"
"Government Polytechnic, Pune",Pune,Government,Chemical Engineering,NT-A,74.0,"₹3,875 / year",Yes (Boys & Girls),"₹4,500 / year"
"Government Polytechnic, Pune",Pune,Government,Chemical Engineering,NT-B,74.0,"₹3,875 / year",Yes (Boys & Girls),"₹4,500 / year"
"Government Polytechnic, Pune",Pune,Government,Chemical Engineering,NT-C,74.0,"₹3,875 / year",Yes (Boys & Girls),"₹4,500 / year"
"Government Polytechnic, Pune",Pune,Government,Chemical Engineering,NT-D,74.0,"₹3,875 / year",Yes (Boys & Girls),"₹4,500 / year"
"Government Polytechnic, Pune",Pune,Government,Chemical Engineering,VJ/DT,74.0,"₹3,875 / year",Yes (Boys & Girls),"₹4,500 / year"
"Government Polytechnic, Pune",Pune,Government,Chemical Engineering,TFWS,86.0,"₹1,000 - ₹2,000 / year",Yes (Boys & Girls),"₹4,500 / year"
"Government Polytechnic, Pune",Pune,Government,Automobile Engineering,OPEN,81.0,"₹7,750 / year",Yes (Boys & Girls),"₹4,500 / year"
"Government Polytechnic, Pune",Pune,Government,Automobile Engineering,OBC,77.0,"₹3,875 / year",Yes (Boys & Girls),"₹4,500 / year"
"Government Polytechnic, Pune",Pune,Government,Automobile Engineering,SC,71.0,"₹1,000 - ₹2,000 / year",Yes (Boys & Girls),"₹4,500 / year"
"Government Polytechnic, Pune",Pune,Government,Automobile Engineering,ST,63.0,"₹1,000 - ₹2,000 / year",Yes (Boys & Girls),"₹4,500 / year"
"Government Polytechnic, Pune",Pune,Government,Automobile Engineering,EWS,79.0,"₹3,875 / year",Yes (Boys & Girls),"₹4,500 / year"
"Government Polytechnic, Pune",Pune,Government,Automobile Engineering,NT-A,74.0,"₹3,875 / year",Yes (Boys & Girls),"₹4,500 / year"
"Government Polytechnic, Pune",Pune,Government,Automobile Engineering,NT-B,74.0,"₹3,875 / year",Yes (Boys & Girls),"₹4,500 / year"
"Government Polytechnic, Pune",Pune,Government,Automobile Engineering,NT-C,74.0,"₹3,875 / year",Yes (Boys & Girls),"₹4,500 / year"
"Government Polytechnic, Pune",Pune,Government,Automobile Engineering,NT-D,74.0,"₹3,875 / year",Yes (Boys & Girls),"₹4,500 / year"
"Government Polytechnic, Pune",Pune,Government,Automobile Engineering,VJ/DT,74.0,"₹3,875 / year",Yes (Boys & Girls),"₹4,500 / year"
"Government Polytechnic, Pune",Pune,Government,Automobile Engineering,TFWS,86.0,"₹1,000 - ₹2,000 / year",Yes (Boys & Girls),"₹4,500 / year"
"Cusrow Wadia Institute of Technology, Pune",Pune,Government-Aided,Computer Engineering,OPEN,84.0,"₹10,500 / year",Yes (In-Campus),"₹18,000 / year"
"Cusrow Wadia Institute of Technology, Pune",Pune,Government-Aided,Computer Engineering,OBC,80.0,"₹5,250 / year",Yes (In-Campus),"₹18,000 / year"
"Cusrow Wadia Institute of Technology, Pune",Pune,Government-Aided,Computer Engineering,SC,74.0,"₹1,000 - ₹2,000 / year",Yes (In-Campus),"₹18,000 / year"
"Cusrow Wadia Institute of Technology, Pune",Pune,Government-Aided,Computer Engineering,ST,66.0,"₹1,000 - ₹2,000 / year",Yes (In-Campus),"₹18,000 / year"
"Cusrow Wadia Institute of Technology, Pune",Pune,Government-Aided,Computer Engineering,EWS,82.0,"₹5,250 / year",Yes (In-Campus),"₹18,000 / year"
"Cusrow Wadia Institute of Technology, Pune",Pune,Government-Aided,Computer Engineering,NT-A,77.0,"₹5,250 / year",Yes (In-Campus),"₹18,000 / year"
"Cusrow Wadia Institute of Technology, Pune",Pune,Government-Aided,Computer Engineering,NT-B,77.0,"₹5,250 / year",Yes (In-Campus),"₹18,000 / year"
"Cusrow Wadia Institute of Technology, Pune",Pune,Government-Aided,Computer Engineering,NT-C,77.0,"₹5,250 / year",Yes (In-Campus),"₹18,000 / year"
"Cusrow Wadia Institute of Technology, Pune",Pune,Government-Aided,Computer Engineering,NT-D,77.0,"₹5,250 / year",Yes (In-Campus),"₹18,000 / year"
"Cusrow Wadia Institute of Technology, Pune",Pune,Government-Aided,Computer Engineering,VJ/DT,77.0,"₹5,250 / year",Yes (In-Campus),"₹18,000 / year"
"Cusrow Wadia Institute of Technology, Pune",Pune,Government-Aided,Computer Engineering,TFWS,89.0,"₹1,000 - ₹2,000 / year",Yes (In-Campus),"₹18,000 / year"
"Cusrow Wadia Institute of Technology, Pune",Pune,Government-Aided,Information Technology,OPEN,82.0,"₹10,500 / year",Yes (In-Campus),"₹18,000 / year"
"Cusrow Wadia Institute of Technology, Pune",Pune,Government-Aided,Information Technology,OBC,78.0,"₹5,250 / year",Yes (In-Campus),"₹18,000 / year"
"Cusrow Wadia Institute of Technology, Pune",Pune,Government-Aided,Information Technology,SC,72.0,"₹1,000 - ₹2,000 / year",Yes (In-Campus),"₹18,000 / year"
"Cusrow Wadia Institute of Technology, Pune",Pune,Government-Aided,Information Technology,ST,64.0,"₹1,000 - ₹2,000 / year",Yes (In-Campus),"₹18,000 / year"
"Cusrow Wadia Institute of Technology, Pune",Pune,Government-Aided,Information Technology,EWS,80.0,"₹5,250 / year",Yes (In-Campus),"₹18,000 / year"
"Cusrow Wadia Institute of Technology, Pune",Pune,Government-Aided,Information Technology,NT-A,75.0,"₹5,250 / year",Yes (In-Campus),"₹18,000 / year"
"Cusrow Wadia Institute of Technology, Pune",Pune,Government-Aided,Information Technology,NT-B,75.0,"₹5,250 / year",Yes (In-Campus),"₹18,000 / year"
"Cusrow Wadia Institute of Technology, Pune",Pune,Government-Aided,Information Technology,NT-C,75.0,"₹5,250 / year",Yes (In-Campus),"₹18,000 / year"
"Cusrow Wadia Institute of Technology, Pune",Pune,Government-Aided,Information Technology,NT-D,75.0,"₹5,250 / year",Yes (In-Campus),"₹18,000 / year"
"Cusrow Wadia Institute of Technology, Pune",Pune,Government-Aided,Information Technology,VJ/DT,75.0,"₹5,250 / year",Yes (In-Campus),"₹18,000 / year"
"Cusrow Wadia Institute of Technology, Pune",Pune,Government-Aided,Information Technology,TFWS,87.0,"₹1,000 - ₹2,000 / year",Yes (In-Campus),"₹18,000 / year"
"Cusrow Wadia Institute of Technology, Pune",Pune,Government-Aided,Artificial Intelligence & Data Science,OPEN,82.0,"₹10,500 / year",Yes (In-Campus),"₹18,000 / year"
"Cusrow Wadia Institute of Technology, Pune",Pune,Government-Aided,Artificial Intelligence & Data Science,OBC,78.0,"₹5,250 / year",Yes (In-Campus),"₹18,000 / year"
"Cusrow Wadia Institute of Technology, Pune",Pune,Government-Aided,Artificial Intelligence & Data Science,SC,72.0,"₹1,000 - ₹2,000 / year",Yes (In-Campus),"₹18,000 / year"
"Cusrow Wadia Institute of Technology, Pune",Pune,Government-Aided,Artificial Intelligence & Data Science,ST,64.0,"₹1,000 - ₹2,000 / year",Yes (In-Campus),"₹18,000 / year"
"Cusrow Wadia Institute of Technology, Pune",Pune,Government-Aided,Artificial Intelligence & Data Science,EWS,80.0,"₹5,250 / year",Yes (In-Campus),"₹18,000 / year"
"Cusrow Wadia Institute of Technology, Pune",Pune,Government-Aided,Artificial Intelligence & Data Science,NT-A,75.0,"₹5,250 / year",Yes (In-Campus),"₹18,000 / year"
"Cusrow Wadia Institute of Technology, Pune",Pune,Government-Aided,Artificial Intelligence & Data Science,NT-B,75.0,"₹5,250 / year",Yes (In-Campus),"₹18,000 / year"
"Cusrow Wadia Institute of Technology, Pune",Pune,Government-Aided,Artificial Intelligence & Data Science,NT-C,75.0,"₹5,250 / year",Yes (In-Campus),"₹18,000 / year"
"Cusrow Wadia Institute of Technology, Pune",Pune,Government-Aided,Artificial Intelligence & Data Science,NT-D,75.0,"₹5,250 / year",Yes (In-Campus),"₹18,000 / year"
"Cusrow Wadia Institute of Technology, Pune",Pune,Government-Aided,Artificial Intelligence & Data Science,VJ/DT,75.0,"₹5,250 / year",Yes (In-Campus),"₹18,000 / year"
"Cusrow Wadia Institute of Technology, Pune",Pune,Government-Aided,Artificial Intelligence & Data Science,TFWS,87.0,"₹1,000 - ₹2,000 / year",Yes (In-Campus),"₹18,000 / year"
"Cusrow Wadia Institute of Technology, Pune",Pune,Government-Aided,Electronics & Telecommunication,OPEN,78.0,"₹10,500 / year",Yes (In-Campus),"₹18,000 / year"
"Cusrow Wadia Institute of Technology, Pune",Pune,Government-Aided,Electronics & Telecommunication,OBC,74.0,"₹5,250 / year",Yes (In-Campus),"₹18,000 / year"
"Cusrow Wadia Institute of Technology, Pune",Pune,Government-Aided,Electronics & Telecommunication,SC,68.0,"₹1,000 - ₹2,000 / year",Yes (In-Campus),"₹18,000 / year"
"Cusrow Wadia Institute of Technology, Pune",Pune,Government-Aided,Electronics & Telecommunication,ST,60.0,"₹1,000 - ₹2,000 / year",Yes (In-Campus),"₹18,000 / year"
"Cusrow Wadia Institute of Technology, Pune",Pune,Government-Aided,Electronics & Telecommunication,EWS,76.0,"₹5,250 / year",Yes (In-Campus),"₹18,000 / year"
"Cusrow Wadia Institute of Technology, Pune",Pune,Government-Aided,Electronics & Telecommunication,NT-A,71.0,"₹5,250 / year",Yes (In-Campus),"₹18,000 / year"
"Cusrow Wadia Institute of Technology, Pune",Pune,Government-Aided,Electronics & Telecommunication,NT-B,71.0,"₹5,250 / year",Yes (In-Campus),"₹18,000 / year"
"Cusrow Wadia Institute of Technology, Pune",Pune,Government-Aided,Electronics & Telecommunication,NT-C,71.0,"₹5,250 / year",Yes (In-Campus),"₹18,000 / year"
"Cusrow Wadia Institute of Technology, Pune",Pune,Government-Aided,Electronics & Telecommunication,NT-D,71.0,"₹5,250 / year",Yes (In-Campus),"₹18,000 / year"
"Cusrow Wadia Institute of Technology, Pune",Pune,Government-Aided,Electronics & Telecommunication,VJ/DT,71.0,"₹5,250 / year",Yes (In-Campus),"₹18,000 / year"
"Cusrow Wadia Institute of Technology, Pune",Pune,Government-Aided,Electronics & Telecommunication,TFWS,83.0,"₹1,000 - ₹2,000 / year",Yes (In-Campus),"₹18,000 / year"
"Cusrow Wadia Institute of Technology, Pune",Pune,Government-Aided,Electrical Engineering,OPEN,78.0,"₹10,500 / year",Yes (In-Campus),"₹18,000 / year"
"Cusrow Wadia Institute of Technology, Pune",Pune,Government-Aided,Electrical Engineering,OBC,74.0,"₹5,250 / year",Yes (In-Campus),"₹18,000 / year"
"Cusrow Wadia Institute of Technology, Pune",Pune,Government-Aided,Electrical Engineering,SC,68.0,"₹1,000 - ₹2,000 / year",Yes (In-Campus),"₹18,000 / year"
"Cusrow Wadia Institute of Technology, Pune",Pune,Government-Aided,Electrical Engineering,ST,60.0,"₹1,000 - ₹2,000 / year",Yes (In-Campus),"₹18,000 / year"
"Cusrow Wadia Institute of Technology, Pune",Pune,Government-Aided,Electrical Engineering,EWS,76.0,"₹5,250 / year",Yes (In-Campus),"₹18,000 / year"
"Cusrow Wadia Institute of Technology, Pune",Pune,Government-Aided,Electrical Engineering,NT-A,71.0,"₹5,250 / year",Yes (In-Campus),"₹18,000 / year"
"Cusrow Wadia Institute of Technology, Pune",Pune,Government-Aided,Electrical Engineering,NT-B,71.0,"₹5,250 / year",Yes (In-Campus),"₹18,000 / year"
"Cusrow Wadia Institute of Technology, Pune",Pune,Government-Aided,Electrical Engineering,NT-C,71.0,"₹5,250 / year",Yes (In-Campus),"₹18,000 / year"
"Cusrow Wadia Institute of Technology, Pune",Pune,Government-Aided,Electrical Engineering,NT-D,71.0,"₹5,250 / year",Yes (In-Campus),"₹18,000 / year"
"Cusrow Wadia Institute of Technology, Pune",Pune,Government-Aided,Electrical Engineering,VJ/DT,71.0,"₹5,250 / year",Yes (In-Campus),"₹18,000 / year"
"Cusrow Wadia Institute of Technology, Pune",Pune,Government-Aided,Electrical Engineering,TFWS,83.0,"₹1,000 - ₹2,000 / year",Yes (In-Campus),"₹18,000 / year"
"Cusrow Wadia Institute of Technology, Pune",Pune,Government-Aided,Mechanical Engineering,OPEN,76.0,"₹10,500 / year",Yes (In-Campus),"₹18,000 / year"
"Cusrow Wadia Institute of Technology, Pune",Pune,Government-Aided,Mechanical Engineering,OBC,72.0,"₹5,250 / year",Yes (In-Campus),"₹18,000 / year"
"Cusrow Wadia Institute of Technology, Pune",Pune,Government-Aided,Mechanical Engineering,SC,66.0,"₹1,000 - ₹2,000 / year",Yes (In-Campus),"₹18,000 / year"
"Cusrow Wadia Institute of Technology, Pune",Pune,Government-Aided,Mechanical Engineering,ST,58.0,"₹1,000 - ₹2,000 / year",Yes (In-Campus),"₹18,000 / year"
"Cusrow Wadia Institute of Technology, Pune",Pune,Government-Aided,Mechanical Engineering,EWS,74.0,"₹5,250 / year",Yes (In-Campus),"₹18,000 / year"
"Cusrow Wadia Institute of Technology, Pune",Pune,Government-Aided,Mechanical Engineering,NT-A,69.0,"₹5,250 / year",Yes (In-Campus),"₹18,000 / year"
"Cusrow Wadia Institute of Technology, Pune",Pune,Government-Aided,Mechanical Engineering,NT-B,69.0,"₹5,250 / year",Yes (In-Campus),"₹18,000 / year"
"Cusrow Wadia Institute of Technology, Pune",Pune,Government-Aided,Mechanical Engineering,NT-C,69.0,"₹5,250 / year",Yes (In-Campus),"₹18,000 / year"
"Cusrow Wadia Institute of Technology, Pune",Pune,Government-Aided,Mechanical Engineering,NT-D,69.0,"₹5,250 / year",Yes (In-Campus),"₹18,000 / year"
"Cusrow Wadia Institute of Technology, Pune",Pune,Government-Aided,Mechanical Engineering,VJ/DT,69.0,"₹5,250 / year",Yes (In-Campus),"₹18,000 / year"
"Cusrow Wadia Institute of Technology, Pune",Pune,Government-Aided,Mechanical Engineering,TFWS,81.0,"₹1,000 - ₹2,000 / year",Yes (In-Campus),"₹18,000 / year"
"Cusrow Wadia Institute of Technology, Pune",Pune,Government-Aided,Civil Engineering,OPEN,76.0,"₹10,500 / year",Yes (In-Campus),"₹18,000 / year"
"Cusrow Wadia Institute of Technology, Pune",Pune,Government-Aided,Civil Engineering,OBC,72.0,"₹5,250 / year",Yes (In-Campus),"₹18,000 / year"
"Cusrow Wadia Institute of Technology, Pune",Pune,Government-Aided,Civil Engineering,SC,66.0,"₹1,000 - ₹2,000 / year",Yes (In-Campus),"₹18,000 / year"
"Cusrow Wadia Institute of Technology, Pune",Pune,Government-Aided,Civil Engineering,ST,58.0,"₹1,000 - ₹2,000 / year",Yes (In-Campus),"₹18,000 / year"
"Cusrow Wadia Institute of Technology, Pune",Pune,Government-Aided,Civil Engineering,EWS,74.0,"₹5,250 / year",Yes (In-Campus),"₹18,000 / year"
"Cusrow Wadia Institute of Technology, Pune",Pune,Government-Aided,Civil Engineering,NT-A,69.0,"₹5,250 / year",Yes (In-Campus),"₹18,000 / year"
"Cusrow Wadia Institute of Technology, Pune",Pune,Government-Aided,Civil Engineering,NT-B,69.0,"₹5,250 / year",Yes (In-Campus),"₹18,000 / year"
"Cusrow Wadia Institute of Technology, Pune",Pune,Government-Aided,Civil Engineering,NT-C,69.0,"₹5,250 / year",Yes (In-Campus),"₹18,000 / year"
"Cusrow Wadia Institute of Technology, Pune",Pune,Government-Aided,Civil Engineering,NT-D,69.0,"₹5,250 / year",Yes (In-Campus),"₹18,000 / year"
"Cusrow Wadia Institute of Technology, Pune",Pune,Government-Aided,Civil Engineering,VJ/DT,69.0,"₹5,250 / year",Yes (In-Campus),"₹18,000 / year"
"Cusrow Wadia Institute of Technology, Pune",Pune,Government-Aided,Civil Engineering,TFWS,81.0,"₹1,000 - ₹2,000 / year",Yes (In-Campus),"₹18,000 / year"
"Cusrow Wadia Institute of Technology, Pune",Pune,Government-Aided,Chemical Engineering,OPEN,76.0,"₹10,500 / year",Yes (In-Campus),"₹18,000 / year"
"Cusrow Wadia Institute of Technology, Pune",Pune,Government-Aided,Chemical Engineering,OBC,72.0,"₹5,250 / year",Yes (In-Campus),"₹18,000 / year"
"Cusrow Wadia Institute of Technology, Pune",Pune,Government-Aided,Chemical Engineering,SC,66.0,"₹1,000 - ₹2,000 / year",Yes (In-Campus),"₹18,000 / year"
"Cusrow Wadia Institute of Technology, Pune",Pune,Government-Aided,Chemical Engineering,ST,58.0,"₹1,000 - ₹2,000 / year",Yes (In-Campus),"₹18,000 / year"
"Cusrow Wadia Institute of Technology, Pune",Pune,Government-Aided,Chemical Engineering,EWS,74.0,"₹5,250 / year",Yes (In-Campus),"₹18,000 / year"
"Cusrow Wadia Institute of Technology, Pune",Pune,Government-Aided,Chemical Engineering,NT-A,69.0,"₹5,250 / year",Yes (In-Campus),"₹18,000 / year"
"Cusrow Wadia Institute of Technology, Pune",Pune,Government-Aided,Chemical Engineering,NT-B,69.0,"₹5,250 / year",Yes (In-Campus),"₹18,000 / year"
"Cusrow Wadia Institute of Technology, Pune",Pune,Government-Aided,Chemical Engineering,NT-C,69.0,"₹5,250 / year",Yes (In-Campus),"₹18,000 / year"
"Cusrow Wadia Institute of Technology, Pune",Pune,Government-Aided,Chemical Engineering,NT-D,69.0,"₹5,250 / year",Yes (In-Campus),"₹18,000 / year"
"Cusrow Wadia Institute of Technology, Pune",Pune,Government-Aided,Chemical Engineering,VJ/DT,69.0,"₹5,250 / year",Yes (In-Campus),"₹18,000 / year"
"Cusrow Wadia Institute of Technology, Pune",Pune,Government-Aided,Chemical Engineering,TFWS,81.0,"₹1,000 - ₹2,000 / year",Yes (In-Campus),"₹18,000 / year"
"Cusrow Wadia Institute of Technology, Pune",Pune,Government-Aided,Automobile Engineering,OPEN,76.0,"₹10,500 / year",Yes (In-Campus),"₹18,000 / year"
"Cusrow Wadia Institute of Technology, Pune",Pune,Government-Aided,Automobile Engineering,OBC,72.0,"₹5,250 / year",Yes (In-Campus),"₹18,000 / year"
"Cusrow Wadia Institute of Technology, Pune",Pune,Government-Aided,Automobile Engineering,SC,66.0,"₹1,000 - ₹2,000 / year",Yes (In-Campus),"₹18,000 / year"
"Cusrow Wadia Institute of Technology, Pune",Pune,Government-Aided,Automobile Engineering,ST,58.0,"₹1,000 - ₹2,000 / year",Yes (In-Campus),"₹18,000 / year"
"Cusrow Wadia Institute of Technology, Pune",Pune,Government-Aided,Automobile Engineering,EWS,74.0,"₹5,250 / year",Yes (In-Campus),"₹18,000 / year"
"Cusrow Wadia Institute of Technology, Pune",Pune,Government-Aided,Automobile Engineering,NT-A,69.0,"₹5,250 / year",Yes (In-Campus),"₹18,000 / year"
"Cusrow Wadia Institute of Technology, Pune",Pune,Government-Aided,Automobile Engineering,NT-B,69.0,"₹5,250 / year",Yes (In-Campus),"₹18,000 / year"
"Cusrow Wadia Institute of Technology, Pune",Pune,Government-Aided,Automobile Engineering,NT-C,69.0,"₹5,250 / year",Yes (In-Campus),"₹18,000 / year"
"Cusrow Wadia Institute of Technology, Pune",Pune,Government-Aided,Automobile Engineering,NT-D,69.0,"₹5,250 / year",Yes (In-Campus),"₹18,000 / year"
"Cusrow Wadia Institute of Technology, Pune",Pune,Government-Aided,Automobile Engineering,VJ/DT,69.0,"₹5,250 / year",Yes (In-Campus),"₹18,000 / year"
"Cusrow Wadia Institute of Technology, Pune",Pune,Government-Aided,Automobile Engineering,TFWS,81.0,"₹1,000 - ₹2,000 / year",Yes (In-Campus),"₹18,000 / year"
"AISSMS Polytechnic, Pune",Pune,Private (Un-Aided),Computer Engineering,OPEN,77.0,"₹68,000 / year",Yes (Boys & Girls),"₹55,000 / year"
"AISSMS Polytechnic, Pune",Pune,Private (Un-Aided),Computer Engineering,OBC,73.0,"₹34,000 / year",Yes (Boys & Girls),"₹55,000 / year"
"AISSMS Polytechnic, Pune",Pune,Private (Un-Aided),Computer Engineering,SC,67.0,"₹1,000 - ₹2,000 / year",Yes (Boys & Girls),"₹55,000 / year"
"AISSMS Polytechnic, Pune",Pune,Private (Un-Aided),Computer Engineering,ST,59.0,"₹1,000 - ₹2,000 / year",Yes (Boys & Girls),"₹55,000 / year"
"AISSMS Polytechnic, Pune",Pune,Private (Un-Aided),Computer Engineering,EWS,75.0,"₹34,000 / year",Yes (Boys & Girls),"₹55,000 / year"
"AISSMS Polytechnic, Pune",Pune,Private (Un-Aided),Computer Engineering,NT-A,70.0,"₹34,000 / year",Yes (Boys & Girls),"₹55,000 / year"
"AISSMS Polytechnic, Pune",Pune,Private (Un-Aided),Computer Engineering,NT-B,70.0,"₹34,000 / year",Yes (Boys & Girls),"₹55,000 / year"
"AISSMS Polytechnic, Pune",Pune,Private (Un-Aided),Computer Engineering,NT-C,70.0,"₹34,000 / year",Yes (Boys & Girls),"₹55,000 / year"
"AISSMS Polytechnic, Pune",Pune,Private (Un-Aided),Computer Engineering,NT-D,70.0,"₹34,000 / year",Yes (Boys & Girls),"₹55,000 / year"
"AISSMS Polytechnic, Pune",Pune,Private (Un-Aided),Computer Engineering,VJ/DT,70.0,"₹34,000 / year",Yes (Boys & Girls),"₹55,000 / year"
"AISSMS Polytechnic, Pune",Pune,Private (Un-Aided),Computer Engineering,TFWS,82.0,"₹1,000 - ₹2,000 / year",Yes (Boys & Girls),"₹55,000 / year"
"AISSMS Polytechnic, Pune",Pune,Private (Un-Aided),Information Technology,OPEN,75.0,"₹68,000 / year",Yes (Boys & Girls),"₹55,000 / year"
"AISSMS Polytechnic, Pune",Pune,Private (Un-Aided),Information Technology,OBC,71.0,"₹34,000 / year",Yes (Boys & Girls),"₹55,000 / year"
"AISSMS Polytechnic, Pune",Pune,Private (Un-Aided),Information Technology,SC,65.0,"₹1,000 - ₹2,000 / year",Yes (Boys & Girls),"₹55,000 / year"
"AISSMS Polytechnic, Pune",Pune,Private (Un-Aided),Information Technology,ST,57.0,"₹1,000 - ₹2,000 / year",Yes (Boys & Girls),"₹55,000 / year"
"AISSMS Polytechnic, Pune",Pune,Private (Un-Aided),Information Technology,EWS,73.0,"₹34,000 / year",Yes (Boys & Girls),"₹55,000 / year"
"AISSMS Polytechnic, Pune",Pune,Private (Un-Aided),Information Technology,NT-A,68.0,"₹34,000 / year",Yes (Boys & Girls),"₹55,000 / year"
"AISSMS Polytechnic, Pune",Pune,Private (Un-Aided),Information Technology,NT-B,68.0,"₹34,000 / year",Yes (Boys & Girls),"₹55,000 / year"
"AISSMS Polytechnic, Pune",Pune,Private (Un-Aided),Information Technology,NT-C,68.0,"₹34,000 / year",Yes (Boys & Girls),"₹55,000 / year"
"AISSMS Polytechnic, Pune",Pune,Private (Un-Aided),Information Technology,NT-D,68.0,"₹34,000 / year",Yes (Boys & Girls),"₹55,000 / year"
"AISSMS Polytechnic, Pune",Pune,Private (Un-Aided),Information Technology,VJ/DT,68.0,"₹34,000 / year",Yes (Boys & Girls),"₹55,000 / year"
"AISSMS Polytechnic, Pune",Pune,Private (Un-Aided),Information Technology,TFWS,80.0,"₹1,000 - ₹2,000 / year",Yes (Boys & Girls),"₹55,000 / year"
"AISSMS Polytechnic, Pune",Pune,Private (Un-Aided),Artificial Intelligence & Data Science,OPEN,75.0,"₹68,000 / year",Yes (Boys & Girls),"₹55,000 / year"
"AISSMS Polytechnic, Pune",Pune,Private (Un-Aided),Artificial Intelligence & Data Science,OBC,71.0,"₹34,000 / year",Yes (Boys & Girls),"₹55,000 / year"
"AISSMS Polytechnic, Pune",Pune,Private (Un-Aided),Artificial Intelligence & Data Science,SC,65.0,"₹1,000 - ₹2,000 / year",Yes (Boys & Girls),"₹55,000 / year"
"AISSMS Polytechnic, Pune",Pune,Private (Un-Aided),Artificial Intelligence & Data Science,ST,57.0,"₹1,000 - ₹2,000 / year",Yes (Boys & Girls),"₹55,000 / year"
"AISSMS Polytechnic, Pune",Pune,Private (Un-Aided),Artificial Intelligence & Data Science,EWS,73.0,"₹34,000 / year",Yes (Boys & Girls),"₹55,000 / year"
"AISSMS Polytechnic, Pune",Pune,Private (Un-Aided),Artificial Intelligence & Data Science,NT-A,68.0,"₹34,000 / year",Yes (Boys & Girls),"₹55,000 / year"
"AISSMS Polytechnic, Pune",Pune,Private (Un-Aided),Artificial Intelligence & Data Science,NT-B,68.0,"₹34,000 / year",Yes (Boys & Girls),"₹55,000 / year"
"AISSMS Polytechnic, Pune",Pune,Private (Un-Aided),Artificial Intelligence & Data Science,NT-C,68.0,"₹34,000 / year",Yes (Boys & Girls),"₹55,000 / year"
"AISSMS Polytechnic, Pune",Pune,Private (Un-Aided),Artificial Intelligence & Data Science,NT-D,68.0,"₹34,000 / year",Yes (Boys & Girls),"₹55,000 / year"
"AISSMS Polytechnic, Pune",Pune,Private (Un-Aided),Artificial Intelligence & Data Science,VJ/DT,68.0,"₹34,000 / year",Yes (Boys & Girls),"₹55,000 / year"
"AISSMS Polytechnic, Pune",Pune,Private (Un-Aided),Artificial Intelligence & Data Science,TFWS,80.0,"₹1,000 - ₹2,000 / year",Yes (Boys & Girls),"₹55,000 / year"
"AISSMS Polytechnic, Pune",Pune,Private (Un-Aided),Electronics & Telecommunication,OPEN,71.0,"₹68,000 / year",Yes (Boys & Girls),"₹55,000 / year"
"AISSMS Polytechnic, Pune",Pune,Private (Un-Aided),Electronics & Telecommunication,OBC,67.0,"₹34,000 / year",Yes (Boys & Girls),"₹55,000 / year"
"AISSMS Polytechnic, Pune",Pune,Private (Un-Aided),Electronics & Telecommunication,SC,61.0,"₹1,000 - ₹2,000 / year",Yes (Boys & Girls),"₹55,000 / year"
"AISSMS Polytechnic, Pune",Pune,Private (Un-Aided),Electronics & Telecommunication,ST,53.0,"₹1,000 - ₹2,000 / year",Yes (Boys & Girls),"₹55,000 / year"
"AISSMS Polytechnic, Pune",Pune,Private (Un-Aided),Electronics & Telecommunication,EWS,69.0,"₹34,000 / year",Yes (Boys & Girls),"₹55,000 / year"
"AISSMS Polytechnic, Pune",Pune,Private (Un-Aided),Electronics & Telecommunication,NT-A,64.0,"₹34,000 / year",Yes (Boys & Girls),"₹55,000 / year"
"AISSMS Polytechnic, Pune",Pune,Private (Un-Aided),Electronics & Telecommunication,NT-B,64.0,"₹34,000 / year",Yes (Boys & Girls),"₹55,000 / year"
"AISSMS Polytechnic, Pune",Pune,Private (Un-Aided),Electronics & Telecommunication,NT-C,64.0,"₹34,000 / year",Yes (Boys & Girls),"₹55,000 / year"
"AISSMS Polytechnic, Pune",Pune,Private (Un-Aided),Electronics & Telecommunication,NT-D,64.0,"₹34,000 / year",Yes (Boys & Girls),"₹55,000 / year"
"AISSMS Polytechnic, Pune",Pune,Private (Un-Aided),Electronics & Telecommunication,VJ/DT,64.0,"₹34,000 / year",Yes (Boys & Girls),"₹55,000 / year"
"AISSMS Polytechnic, Pune",Pune,Private (Un-Aided),Electronics & Telecommunication,TFWS,76.0,"₹1,000 - ₹2,000 / year",Yes (Boys & Girls),"₹55,000 / year"
"AISSMS Polytechnic, Pune",Pune,Private (Un-Aided),Electrical Engineering,OPEN,71.0,"₹68,000 / year",Yes (Boys & Girls),"₹55,000 / year"
"AISSMS Polytechnic, Pune",Pune,Private (Un-Aided),Electrical Engineering,OBC,67.0,"₹34,000 / year",Yes (Boys & Girls),"₹55,000 / year"
"AISSMS Polytechnic, Pune",Pune,Private (Un-Aided),Electrical Engineering,SC,61.0,"₹1,000 - ₹2,000 / year",Yes (Boys & Girls),"₹55,000 / year"
"AISSMS Polytechnic, Pune",Pune,Private (Un-Aided),Electrical Engineering,ST,53.0,"₹1,000 - ₹2,000 / year",Yes (Boys & Girls),"₹55,000 / year"
"AISSMS Polytechnic, Pune",Pune,Private (Un-Aided),Electrical Engineering,EWS,69.0,"₹34,000 / year",Yes (Boys & Girls),"₹55,000 / year"
"AISSMS Polytechnic, Pune",Pune,Private (Un-Aided),Electrical Engineering,NT-A,64.0,"₹34,000 / year",Yes (Boys & Girls),"₹55,000 / year"
"AISSMS Polytechnic, Pune",Pune,Private (Un-Aided),Electrical Engineering,NT-B,64.0,"₹34,000 / year",Yes (Boys & Girls),"₹55,000 / year"
"AISSMS Polytechnic, Pune",Pune,Private (Un-Aided),Electrical Engineering,NT-C,64.0,"₹34,000 / year",Yes (Boys & Girls),"₹55,000 / year"
"AISSMS Polytechnic, Pune",Pune,Private (Un-Aided),Electrical Engineering,NT-D,64.0,"₹34,000 / year",Yes (Boys & Girls),"₹55,000 / year"
"AISSMS Polytechnic, Pune",Pune,Private (Un-Aided),Electrical Engineering,VJ/DT,64.0,"₹34,000 / year",Yes (Boys & Girls),"₹55,000 / year"
"AISSMS Polytechnic, Pune",Pune,Private (Un-Aided),Electrical Engineering,TFWS,76.0,"₹1,000 - ₹2,000 / year",Yes (Boys & Girls),"₹55,000 / year"
"AISSMS Polytechnic, Pune",Pune,Private (Un-Aided),Mechanical Engineering,OPEN,69.0,"₹68,000 / year",Yes (Boys & Girls),"₹55,000 / year"
"AISSMS Polytechnic, Pune",Pune,Private (Un-Aided),Mechanical Engineering,OBC,65.0,"₹34,000 / year",Yes (Boys & Girls),"₹55,000 / year"
"AISSMS Polytechnic, Pune",Pune,Private (Un-Aided),Mechanical Engineering,SC,59.0,"₹1,000 - ₹2,000 / year",Yes (Boys & Girls),"₹55,000 / year"
"AISSMS Polytechnic, Pune",Pune,Private (Un-Aided),Mechanical Engineering,ST,51.0,"₹1,000 - ₹2,000 / year",Yes (Boys & Girls),"₹55,000 / year"
"AISSMS Polytechnic, Pune",Pune,Private (Un-Aided),Mechanical Engineering,EWS,67.0,"₹34,000 / year",Yes (Boys & Girls),"₹55,000 / year"
"AISSMS Polytechnic, Pune",Pune,Private (Un-Aided),Mechanical Engineering,NT-A,62.0,"₹34,000 / year",Yes (Boys & Girls),"₹55,000 / year"
"AISSMS Polytechnic, Pune",Pune,Private (Un-Aided),Mechanical Engineering,NT-B,62.0,"₹34,000 / year",Yes (Boys & Girls),"₹55,000 / year"
"AISSMS Polytechnic, Pune",Pune,Private (Un-Aided),Mechanical Engineering,NT-C,62.0,"₹34,000 / year",Yes (Boys & Girls),"₹55,000 / year"
"AISSMS Polytechnic, Pune",Pune,Private (Un-Aided),Mechanical Engineering,NT-D,62.0,"₹34,000 / year",Yes (Boys & Girls),"₹55,000 / year"
"AISSMS Polytechnic, Pune",Pune,Private (Un-Aided),Mechanical Engineering,VJ/DT,62.0,"₹34,000 / year",Yes (Boys & Girls),"₹55,000 / year"
"AISSMS Polytechnic, Pune",Pune,Private (Un-Aided),Mechanical Engineering,TFWS,74.0,"₹1,000 - ₹2,000 / year",Yes (Boys & Girls),"₹55,000 / year"
"AISSMS Polytechnic, Pune",Pune,Private (Un-Aided),Civil Engineering,OPEN,69.0,"₹68,000 / year",Yes (Boys & Girls),"₹55,000 / year"
"AISSMS Polytechnic, Pune",Pune,Private (Un-Aided),Civil Engineering,OBC,65.0,"₹34,000 / year",Yes (Boys & Girls),"₹55,000 / year"
"AISSMS Polytechnic, Pune",Pune,Private (Un-Aided),Civil Engineering,SC,59.0,"₹1,000 - ₹2,000 / year",Yes (Boys & Girls),"₹55,000 / year"
"AISSMS Polytechnic, Pune",Pune,Private (Un-Aided),Civil Engineering,ST,51.0,"₹1,000 - ₹2,000 / year",Yes (Boys & Girls),"₹55,000 / year"
"AISSMS Polytechnic, Pune",Pune,Private (Un-Aided),Civil Engineering,EWS,67.0,"₹34,000 / year",Yes (Boys & Girls),"₹55,000 / year"
"AISSMS Polytechnic, Pune",Pune,Private (Un-Aided),Civil Engineering,NT-A,62.0,"₹34,000 / year",Yes (Boys & Girls),"₹55,000 / year"
"AISSMS Polytechnic, Pune",Pune,Private (Un-Aided),Civil Engineering,NT-B,62.0,"₹34,000 / year",Yes (Boys & Girls),"₹55,000 / year"
"AISSMS Polytechnic, Pune",Pune,Private (Un-Aided),Civil Engineering,NT-C,62.0,"₹34,000 / year",Yes (Boys & Girls),"₹55,000 / year"
"AISSMS Polytechnic, Pune",Pune,Private (Un-Aided),Civil Engineering,NT-D,62.0,"₹34,000 / year",Yes (Boys & Girls),"₹55,000 / year"
"AISSMS Polytechnic, Pune",Pune,Private (Un-Aided),Civil Engineering,VJ/DT,62.0,"₹34,000 / year",Yes (Boys & Girls),"₹55,000 / year"
"AISSMS Polytechnic, Pune",Pune,Private (Un-Aided),Civil Engineering,TFWS,74.0,"₹1,000 - ₹2,000 / year",Yes (Boys & Girls),"₹55,000 / year"
"AISSMS Polytechnic, Pune",Pune,Private (Un-Aided),Chemical Engineering,OPEN,69.0,"₹68,000 / year",Yes (Boys & Girls),"₹55,000 / year"
"AISSMS Polytechnic, Pune",Pune,Private (Un-Aided),Chemical Engineering,OBC,65.0,"₹34,000 / year",Yes (Boys & Girls),"₹55,000 / year"
"AISSMS Polytechnic, Pune",Pune,Private (Un-Aided),Chemical Engineering,SC,59.0,"₹1,000 - ₹2,000 / year",Yes (Boys & Girls),"₹55,000 / year"
"AISSMS Polytechnic, Pune",Pune,Private (Un-Aided),Chemical Engineering,ST,51.0,"₹1,000 - ₹2,000 / year",Yes (Boys & Girls),"₹55,000 / year"
"AISSMS Polytechnic, Pune",Pune,Private (Un-Aided),Chemical Engineering,EWS,67.0,"₹34,000 / year",Yes (Boys & Girls),"₹55,000 / year"
"AISSMS Polytechnic, Pune",Pune,Private (Un-Aided),Chemical Engineering,NT-A,62.0,"₹34,000 / year",Yes (Boys & Girls),"₹55,000 / year"
"AISSMS Polytechnic, Pune",Pune,Private (Un-Aided),Chemical Engineering,NT-B,62.0,"₹34,000 / year",Yes (Boys & Girls),"₹55,000 / year"
"AISSMS Polytechnic, Pune",Pune,Private (Un-Aided),Chemical Engineering,NT-C,62.0,"₹34,000 / year",Yes (Boys & Girls),"₹55,000 / year"
"AISSMS Polytechnic, Pune",Pune,Private (Un-Aided),Chemical Engineering,NT-D,62.0,"₹34,000 / year",Yes (Boys & Girls),"₹55,000 / year"
"AISSMS Polytechnic, Pune",Pune,Private (Un-Aided),Chemical Engineering,VJ/DT,62.0,"₹34,000 / year",Yes (Boys & Girls),"₹55,000 / year"
"AISSMS Polytechnic, Pune",Pune,Private (Un-Aided),Chemical Engineering,TFWS,74.0,"₹1,000 - ₹2,000 / year",Yes (Boys & Girls),"₹55,000 / year"
"AISSMS Polytechnic, Pune",Pune,Private (Un-Aided),Automobile Engineering,OPEN,69.0,"₹68,000 / year",Yes (Boys & Girls),"₹55,000 / year"
"AISSMS Polytechnic, Pune",Pune,Private (Un-Aided),Automobile Engineering,OBC,65.0,"₹34,000 / year",Yes (Boys & Girls),"₹55,000 / year"
"AISSMS Polytechnic, Pune",Pune,Private (Un-Aided),Automobile Engineering,SC,59.0,"₹1,000 - ₹2,000 / year",Yes (Boys & Girls),"₹55,000 / year"
"AISSMS Polytechnic, Pune",Pune,Private (Un-Aided),Automobile Engineering,ST,51.0,"₹1,000 - ₹2,000 / year",Yes (Boys & Girls),"₹55,000 / year"
"AISSMS Polytechnic, Pune",Pune,Private (Un-Aided),Automobile Engineering,EWS,67.0,"₹34,000 / year",Yes (Boys & Girls),"₹55,000 / year"
"AISSMS Polytechnic, Pune",Pune,Private (Un-Aided),Automobile Engineering,NT-A,62.0,"₹34,000 / year",Yes (Boys & Girls),"₹55,000 / year"
"AISSMS Polytechnic, Pune",Pune,Private (Un-Aided),Automobile Engineering,NT-B,62.0,"₹34,000 / year",Yes (Boys & Girls),"₹55,000 / year"
"AISSMS Polytechnic, Pune",Pune,Private (Un-Aided),Automobile Engineering,NT-C,62.0,"₹34,000 / year",Yes (Boys & Girls),"₹55,000 / year"
"AISSMS Polytechnic, Pune",Pune,Private (Un-Aided),Automobile Engineering,NT-D,62.0,"₹34,000 / year",Yes (Boys & Girls),"₹55,000 / year"
"AISSMS Polytechnic, Pune",Pune,Private (Un-Aided),Automobile Engineering,VJ/DT,62.0,"₹34,000 / year",Yes (Boys & Girls),"₹55,000 / year"
"AISSMS Polytechnic, Pune",Pune,Private (Un-Aided),Automobile Engineering,TFWS,74.0,"₹1,000 - ₹2,000 / year",Yes (Boys & Girls),"₹55,000 / year"
"Government Polytechnic, Chhatrapati Sambhajinagar",Chhatrapati Sambhajinagar,Government,Computer Engineering,OPEN,83.0,"₹7,750 / year",Yes (Boys & Girls),"₹4,500 / year"
"Government Polytechnic, Chhatrapati Sambhajinagar",Chhatrapati Sambhajinagar,Government,Computer Engineering,OBC,79.0,"₹3,875 / year",Yes (Boys & Girls),"₹4,500 / year"
"Government Polytechnic, Chhatrapati Sambhajinagar",Chhatrapati Sambhajinagar,Government,Computer Engineering,SC,73.0,"₹1,000 - ₹2,000 / year",Yes (Boys & Girls),"₹4,500 / year"
"Government Polytechnic, Chhatrapati Sambhajinagar",Chhatrapati Sambhajinagar,Government,Computer Engineering,ST,65.0,"₹1,000 - ₹2,000 / year",Yes (Boys & Girls),"₹4,500 / year"
"Government Polytechnic, Chhatrapati Sambhajinagar",Chhatrapati Sambhajinagar,Government,Computer Engineering,EWS,81.0,"₹3,875 / year",Yes (Boys & Girls),"₹4,500 / year"
"Government Polytechnic, Chhatrapati Sambhajinagar",Chhatrapati Sambhajinagar,Government,Computer Engineering,NT-A,76.0,"₹3,875 / year",Yes (Boys & Girls),"₹4,500 / year"
"Government Polytechnic, Chhatrapati Sambhajinagar",Chhatrapati Sambhajinagar,Government,Computer Engineering,NT-B,76.0,"₹3,875 / year",Yes (Boys & Girls),"₹4,500 / year"
"Government Polytechnic, Chhatrapati Sambhajinagar",Chhatrapati Sambhajinagar,Government,Computer Engineering,NT-C,76.0,"₹3,875 / year",Yes (Boys & Girls),"₹4,500 / year"
"Government Polytechnic, Chhatrapati Sambhajinagar",Chhatrapati Sambhajinagar,Government,Computer Engineering,NT-D,76.0,"₹3,875 / year",Yes (Boys & Girls),"₹4,500 / year"
"Government Polytechnic, Chhatrapati Sambhajinagar",Chhatrapati Sambhajinagar,Government,Computer Engineering,VJ/DT,76.0,"₹3,875 / year",Yes (Boys & Girls),"₹4,500 / year"
"Government Polytechnic, Chhatrapati Sambhajinagar",Chhatrapati Sambhajinagar,Government,Computer Engineering,TFWS,88.0,"₹1,000 - ₹2,000 / year",Yes (Boys & Girls),"₹4,500 / year"
"Government Polytechnic, Chhatrapati Sambhajinagar",Chhatrapati Sambhajinagar,Government,Information Technology,OPEN,81.0,"₹7,750 / year",Yes (Boys & Girls),"₹4,500 / year"
"Government Polytechnic, Chhatrapati Sambhajinagar",Chhatrapati Sambhajinagar,Government,Information Technology,OBC,77.0,"₹3,875 / year",Yes (Boys & Girls),"₹4,500 / year"
"Government Polytechnic, Chhatrapati Sambhajinagar",Chhatrapati Sambhajinagar,Government,Information Technology,SC,71.0,"₹1,000 - ₹2,000 / year",Yes (Boys & Girls),"₹4,500 / year"
"Government Polytechnic, Chhatrapati Sambhajinagar",Chhatrapati Sambhajinagar,Government,Information Technology,ST,63.0,"₹1,000 - ₹2,000 / year",Yes (Boys & Girls),"₹4,500 / year"
"Government Polytechnic, Chhatrapati Sambhajinagar",Chhatrapati Sambhajinagar,Government,Information Technology,EWS,79.0,"₹3,875 / year",Yes (Boys & Girls),"₹4,500 / year"
"Government Polytechnic, Chhatrapati Sambhajinagar",Chhatrapati Sambhajinagar,Government,Information Technology,NT-A,74.0,"₹3,875 / year",Yes (Boys & Girls),"₹4,500 / year"
"Government Polytechnic, Chhatrapati Sambhajinagar",Chhatrapati Sambhajinagar,Government,Information Technology,NT-B,74.0,"₹3,875 / year",Yes (Boys & Girls),"₹4,500 / year"
"Government Polytechnic, Chhatrapati Sambhajinagar",Chhatrapati Sambhajinagar,Government,Information Technology,NT-C,74.0,"₹3,875 / year",Yes (Boys & Girls),"₹4,500 / year"
"Government Polytechnic, Chhatrapati Sambhajinagar",Chhatrapati Sambhajinagar,Government,Information Technology,NT-D,74.0,"₹3,875 / year",Yes (Boys & Girls),"₹4,500 / year"
"Government Polytechnic, Chhatrapati Sambhajinagar",Chhatrapati Sambhajinagar,Government,Information Technology,VJ/DT,74.0,"₹3,875 / year",Yes (Boys & Girls),"₹4,500 / year"
"Government Polytechnic, Chhatrapati Sambhajinagar",Chhatrapati Sambhajinagar,Government,Information Technology,TFWS,86.0,"₹1,000 - ₹2,000 / year",Yes (Boys & Girls),"₹4,500 / year"
"Government Polytechnic, Chhatrapati Sambhajinagar",Chhatrapati Sambhajinagar,Government,Artificial Intelligence & Data Science,OPEN,81.0,"₹7,750 / year",Yes (Boys & Girls),"₹4,500 / year"
"Government Polytechnic, Chhatrapati Sambhajinagar",Chhatrapati Sambhajinagar,Government,Artificial Intelligence & Data Science,OBC,77.0,"₹3,875 / year",Yes (Boys & Girls),"₹4,500 / year"
"Government Polytechnic, Chhatrapati Sambhajinagar",Chhatrapati Sambhajinagar,Government,Artificial Intelligence & Data Science,SC,71.0,"₹1,000 - ₹2,000 / year",Yes (Boys & Girls),"₹4,500 / year"
"Government Polytechnic, Chhatrapati Sambhajinagar",Chhatrapati Sambhajinagar,Government,Artificial Intelligence & Data Science,ST,63.0,"₹1,000 - ₹2,000 / year",Yes (Boys & Girls),"₹4,500 / year"
"Government Polytechnic, Chhatrapati Sambhajinagar",Chhatrapati Sambhajinagar,Government,Artificial Intelligence & Data Science,EWS,79.0,"₹3,875 / year",Yes (Boys & Girls),"₹4,500 / year"
"Government Polytechnic, Chhatrapati Sambhajinagar",Chhatrapati Sambhajinagar,Government,Artificial Intelligence & Data Science,NT-A,74.0,"₹3,875 / year",Yes (Boys & Girls),"₹4,500 / year"
"Government Polytechnic, Chhatrapati Sambhajinagar",Chhatrapati Sambhajinagar,Government,Artificial Intelligence & Data Science,NT-B,74.0,"₹3,875 / year",Yes (Boys & Girls),"₹4,500 / year"
"Government Polytechnic, Chhatrapati Sambhajinagar",Chhatrapati Sambhajinagar,Government,Artificial Intelligence & Data Science,NT-C,74.0,"₹3,875 / year",Yes (Boys & Girls),"₹4,500 / year"
"Government Polytechnic, Chhatrapati Sambhajinagar",Chhatrapati Sambhajinagar,Government,Artificial Intelligence & Data Science,NT-D,74.0,"₹3,875 / year",Yes (Boys & Girls),"₹4,500 / year"
"Government Polytechnic, Chhatrapati Sambhajinagar",Chhatrapati Sambhajinagar,Government,Artificial Intelligence & Data Science,VJ/DT,74.0,"₹3,875 / year",Yes (Boys & Girls),"₹4,500 / year"
"Government Polytechnic, Chhatrapati Sambhajinagar",Chhatrapati Sambhajinagar,Government,Artificial Intelligence & Data Science,TFWS,86.0,"₹1,000 - ₹2,000 / year",Yes (Boys & Girls),"₹4,500 / year"
"Government Polytechnic, Chhatrapati Sambhajinagar",Chhatrapati Sambhajinagar,Government,Electronics & Telecommunication,OPEN,77.0,"₹7,750 / year",Yes (Boys & Girls),"₹4,500 / year"
"Government Polytechnic, Chhatrapati Sambhajinagar",Chhatrapati Sambhajinagar,Government,Electronics & Telecommunication,OBC,73.0,"₹3,875 / year",Yes (Boys & Girls),"₹4,500 / year"
"Government Polytechnic, Chhatrapati Sambhajinagar",Chhatrapati Sambhajinagar,Government,Electronics & Telecommunication,SC,67.0,"₹1,000 - ₹2,000 / year",Yes (Boys & Girls),"₹4,500 / year"
"Government Polytechnic, Chhatrapati Sambhajinagar",Chhatrapati Sambhajinagar,Government,Electronics & Telecommunication,ST,59.0,"₹1,000 - ₹2,000 / year",Yes (Boys & Girls),"₹4,500 / year"
"Government Polytechnic, Chhatrapati Sambhajinagar",Chhatrapati Sambhajinagar,Government,Electronics & Telecommunication,EWS,75.0,"₹3,875 / year",Yes (Boys & Girls),"₹4,500 / year"
"Government Polytechnic, Chhatrapati Sambhajinagar",Chhatrapati Sambhajinagar,Government,Electronics & Telecommunication,NT-A,70.0,"₹3,875 / year",Yes (Boys & Girls),"₹4,500 / year"
"Government Polytechnic, Chhatrapati Sambhajinagar",Chhatrapati Sambhajinagar,Government,Electronics & Telecommunication,NT-B,70.0,"₹3,875 / year",Yes (Boys & Girls),"₹4,500 / year"
"Government Polytechnic, Chhatrapati Sambhajinagar",Chhatrapati Sambhajinagar,Government,Electronics & Telecommunication,NT-C,70.0,"₹3,875 / year",Yes (Boys & Girls),"₹4,500 / year"
"Government Polytechnic, Chhatrapati Sambhajinagar",Chhatrapati Sambhajinagar,Government,Electronics & Telecommunication,NT-D,70.0,"₹3,875 / year",Yes (Boys & Girls),"₹4,500 / year"
"Government Polytechnic, Chhatrapati Sambhajinagar",Chhatrapati Sambhajinagar,Government,Electronics & Telecommunication,VJ/DT,70.0,"₹3,875 / year",Yes (Boys & Girls),"₹4,500 / year"
"Government Polytechnic, Chhatrapati Sambhajinagar",Chhatrapati Sambhajinagar,Government,Electronics & Telecommunication,TFWS,82.0,"₹1,000 - ₹2,000 / year",Yes (Boys & Girls),"₹4,500 / year"
"Government Polytechnic, Chhatrapati Sambhajinagar",Chhatrapati Sambhajinagar,Government,Electrical Engineering,OPEN,77.0,"₹7,750 / year",Yes (Boys & Girls),"₹4,500 / year"
"Government Polytechnic, Chhatrapati Sambhajinagar",Chhatrapati Sambhajinagar,Government,Electrical Engineering,OBC,73.0,"₹3,875 / year",Yes (Boys & Girls),"₹4,500 / year"
"Government Polytechnic, Chhatrapati Sambhajinagar",Chhatrapati Sambhajinagar,Government,Electrical Engineering,SC,67.0,"₹1,000 - ₹2,000 / year",Yes (Boys & Girls),"₹4,500 / year"
"Government Polytechnic, Chhatrapati Sambhajinagar",Chhatrapati Sambhajinagar,Government,Electrical Engineering,ST,59.0,"₹1,000 - ₹2,000 / year",Yes (Boys & Girls),"₹4,500 / year"
"Government Polytechnic, Chhatrapati Sambhajinagar",Chhatrapati Sambhajinagar,Government,Electrical Engineering,EWS,75.0,"₹3,875 / year",Yes (Boys & Girls),"₹4,500 / year"
"Government Polytechnic, Chhatrapati Sambhajinagar",Chhatrapati Sambhajinagar,Government,Electrical Engineering,NT-A,70.0,"₹3,875 / year",Yes (Boys & Girls),"₹4,500 / year"
"Government Polytechnic, Chhatrapati Sambhajinagar",Chhatrapati Sambhajinagar,Government,Electrical Engineering,NT-B,70.0,"₹3,875 / year",Yes (Boys & Girls),"₹4,500 / year"
"Government Polytechnic, Chhatrapati Sambhajinagar",Chhatrapati Sambhajinagar,Government,Electrical Engineering,NT-C,70.0,"₹3,875 / year",Yes (Boys & Girls),"₹4,500 / year"
"Government Polytechnic, Chhatrapati Sambhajinagar",Chhatrapati Sambhajinagar,Government,Electrical Engineering,NT-D,70.0,"₹3,875 / year",Yes (Boys & Girls),"₹4,500 / year"
"Government Polytechnic, Chhatrapati Sambhajinagar",Chhatrapati Sambhajinagar,Government,Electrical Engineering,VJ/DT,70.0,"₹3,875 / year",Yes (Boys & Girls),"₹4,500 / year"
"Government Polytechnic, Chhatrapati Sambhajinagar",Chhatrapati Sambhajinagar,Government,Electrical Engineering,TFWS,82.0,"₹1,000 - ₹2,000 / year",Yes (Boys & Girls),"₹4,500 / year"
"Government Polytechnic, Chhatrapati Sambhajinagar",Chhatrapati Sambhajinagar,Government,Mechanical Engineering,OPEN,75.0,"₹7,750 / year",Yes (Boys & Girls),"₹4,500 / year"
"Government Polytechnic, Chhatrapati Sambhajinagar",Chhatrapati Sambhajinagar,Government,Mechanical Engineering,OBC,71.0,"₹3,875 / year",Yes (Boys & Girls),"₹4,500 / year"
"Government Polytechnic, Chhatrapati Sambhajinagar",Chhatrapati Sambhajinagar,Government,Mechanical Engineering,SC,65.0,"₹1,000 - ₹2,000 / year",Yes (Boys & Girls),"₹4,500 / year"
"Government Polytechnic, Chhatrapati Sambhajinagar",Chhatrapati Sambhajinagar,Government,Mechanical Engineering,ST,57.0,"₹1,000 - ₹2,000 / year",Yes (Boys & Girls),"₹4,500 / year"
"Government Polytechnic, Chhatrapati Sambhajinagar",Chhatrapati Sambhajinagar,Government,Mechanical Engineering,EWS,73.0,"₹3,875 / year",Yes (Boys & Girls),"₹4,500 / year"
"Government Polytechnic, Chhatrapati Sambhajinagar",Chhatrapati Sambhajinagar,Government,Mechanical Engineering,NT-A,68.0,"₹3,875 / year",Yes (Boys & Girls),"₹4,500 / year"
"Government Polytechnic, Chhatrapati Sambhajinagar",Chhatrapati Sambhajinagar,Government,Mechanical Engineering,NT-B,68.0,"₹3,875 / year",Yes (Boys & Girls),"₹4,500 / year"
"Government Polytechnic, Chhatrapati Sambhajinagar",Chhatrapati Sambhajinagar,Government,Mechanical Engineering,NT-C,68.0,"₹3,875 / year",Yes (Boys & Girls),"₹4,500 / year"
"Government Polytechnic, Chhatrapati Sambhajinagar",Chhatrapati Sambhajinagar,Government,Mechanical Engineering,NT-D,68.0,"₹3,875 / year",Yes (Boys & Girls),"₹4,500 / year"
"Government Polytechnic, Chhatrapati Sambhajinagar",Chhatrapati Sambhajinagar,Government,Mechanical Engineering,VJ/DT,68.0,"₹3,875 / year",Yes (Boys & Girls),"₹4,500 / year"
"Government Polytechnic, Chhatrapati Sambhajinagar",Chhatrapati Sambhajinagar,Government,Mechanical Engineering,TFWS,80.0,"₹1,000 - ₹2,000 / year",Yes (Boys & Girls),"₹4,500 / year"
"Government Polytechnic, Chhatrapati Sambhajinagar",Chhatrapati Sambhajinagar,Government,Civil Engineering,OPEN,75.0,"₹7,750 / year",Yes (Boys & Girls),"₹4,500 / year"
"Government Polytechnic, Chhatrapati Sambhajinagar",Chhatrapati Sambhajinagar,Government,Civil Engineering,OBC,71.0,"₹3,875 / year",Yes (Boys & Girls),"₹4,500 / year"
"Government Polytechnic, Chhatrapati Sambhajinagar",Chhatrapati Sambhajinagar,Government,Civil Engineering,SC,65.0,"₹1,000 - ₹2,000 / year",Yes (Boys & Girls),"₹4,500 / year"
"Government Polytechnic, Chhatrapati Sambhajinagar",Chhatrapati Sambhajinagar,Government,Civil Engineering,ST,57.0,"₹1,000 - ₹2,000 / year",Yes (Boys & Girls),"₹4,500 / year"
"Government Polytechnic, Chhatrapati Sambhajinagar",Chhatrapati Sambhajinagar,Government,Civil Engineering,EWS,73.0,"₹3,875 / year",Yes (Boys & Girls),"₹4,500 / year"
"Government Polytechnic, Chhatrapati Sambhajinagar",Chhatrapati Sambhajinagar,Government,Civil Engineering,NT-A,68.0,"₹3,875 / year",Yes (Boys & Girls),"₹4,500 / year"
"Government Polytechnic, Chhatrapati Sambhajinagar",Chhatrapati Sambhajinagar,Government,Civil Engineering,NT-B,68.0,"₹3,875 / year",Yes (Boys & Girls),"₹4,500 / year"
"Government Polytechnic, Chhatrapati Sambhajinagar",Chhatrapati Sambhajinagar,Government,Civil Engineering,NT-C,68.0,"₹3,875 / year",Yes (Boys & Girls),"₹4,500 / year"
"Government Polytechnic, Chhatrapati Sambhajinagar",Chhatrapati Sambhajinagar,Government,Civil Engineering,NT-D,68.0,"₹3,875 / year",Yes (Boys & Girls),"₹4,500 / year"
"Government Polytechnic, Chhatrapati Sambhajinagar",Chhatrapati Sambhajinagar,Government,Civil Engineering,VJ/DT,68.0,"₹3,875 / year",Yes (Boys & Girls),"₹4,500 / year"
"Government Polytechnic, Chhatrapati Sambhajinagar",Chhatrapati Sambhajinagar,Government,Civil Engineering,TFWS,80.0,"₹1,000 - ₹2,000 / year",Yes (Boys & Girls),"₹4,500 / year"
"Government Polytechnic, Chhatrapati Sambhajinagar",Chhatrapati Sambhajinagar,Government,Chemical Engineering,OPEN,75.0,"₹7,750 / year",Yes (Boys & Girls),"₹4,500 / year"
"Government Polytechnic, Chhatrapati Sambhajinagar",Chhatrapati Sambhajinagar,Government,Chemical Engineering,OBC,71.0,"₹3,875 / year",Yes (Boys & Girls),"₹4,500 / year"
"Government Polytechnic, Chhatrapati Sambhajinagar",Chhatrapati Sambhajinagar,Government,Chemical Engineering,SC,65.0,"₹1,000 - ₹2,000 / year",Yes (Boys & Girls),"₹4,500 / year"
"Government Polytechnic, Chhatrapati Sambhajinagar",Chhatrapati Sambhajinagar,Government,Chemical Engineering,ST,57.0,"₹1,000 - ₹2,000 / year",Yes (Boys & Girls),"₹4,500 / year"
"Government Polytechnic, Chhatrapati Sambhajinagar",Chhatrapati Sambhajinagar,Government,Chemical Engineering,EWS,73.0,"₹3,875 / year",Yes (Boys & Girls),"₹4,500 / year"
"Government Polytechnic, Chhatrapati Sambhajinagar",Chhatrapati Sambhajinagar,Government,Chemical Engineering,NT-A,68.0,"₹3,875 / year",Yes (Boys & Girls),"₹4,500 / year"
"Government Polytechnic, Chhatrapati Sambhajinagar",Chhatrapati Sambhajinagar,Government,Chemical Engineering,NT-B,68.0,"₹3,875 / year",Yes (Boys & Girls),"₹4,500 / year"
"Government Polytechnic, Chhatrapati Sambhajinagar",Chhatrapati Sambhajinagar,Government,Chemical Engineering,NT-C,68.0,"₹3,875 / year",Yes (Boys & Girls),"₹4,500 / year"
"Government Polytechnic, Chhatrapati Sambhajinagar",Chhatrapati Sambhajinagar,Government,Chemical Engineering,NT-D,68.0,"₹3,875 / year",Yes (Boys & Girls),"₹4,500 / year"
"Government Polytechnic, Chhatrapati Sambhajinagar",Chhatrapati Sambhajinagar,Government,Chemical Engineering,VJ/DT,68.0,"₹3,875 / year",Yes (Boys & Girls),"₹4,500 / year"
"Government Polytechnic, Chhatrapati Sambhajinagar",Chhatrapati Sambhajinagar,Government,Chemical Engineering,TFWS,80.0,"₹1,000 - ₹2,000 / year",Yes (Boys & Girls),"₹4,500 / year"
"Government Polytechnic, Chhatrapati Sambhajinagar",Chhatrapati Sambhajinagar,Government,Automobile Engineering,OPEN,75.0,"₹7,750 / year",Yes (Boys & Girls),"₹4,500 / year"
"Government Polytechnic, Chhatrapati Sambhajinagar",Chhatrapati Sambhajinagar,Government,Automobile Engineering,OBC,71.0,"₹3,875 / year",Yes (Boys & Girls),"₹4,500 / year"
"Government Polytechnic, Chhatrapati Sambhajinagar",Chhatrapati Sambhajinagar,Government,Automobile Engineering,SC,65.0,"₹1,000 - ₹2,000 / year",Yes (Boys & Girls),"₹4,500 / year"
"Government Polytechnic, Chhatrapati Sambhajinagar",Chhatrapati Sambhajinagar,Government,Automobile Engineering,ST,57.0,"₹1,000 - ₹2,000 / year",Yes (Boys & Girls),"₹4,500 / year"
"Government Polytechnic, Chhatrapati Sambhajinagar",Chhatrapati Sambhajinagar,Government,Automobile Engineering,EWS,73.0,"₹3,875 / year",Yes (Boys & Girls),"₹4,500 / year"
"Government Polytechnic, Chhatrapati Sambhajinagar",Chhatrapati Sambhajinagar,Government,Automobile Engineering,NT-A,68.0,"₹3,875 / year",Yes (Boys & Girls),"₹4,500 / year"
"Government Polytechnic, Chhatrapati Sambhajinagar",Chhatrapati Sambhajinagar,Government,Automobile Engineering,NT-B,68.0,"₹3,875 / year",Yes (Boys & Girls),"₹4,500 / year"
"Government Polytechnic, Chhatrapati Sambhajinagar",Chhatrapati Sambhajinagar,Government,Automobile Engineering,NT-C,68.0,"₹3,875 / year",Yes (Boys & Girls),"₹4,500 / year"
"Government Polytechnic, Chhatrapati Sambhajinagar",Chhatrapati Sambhajinagar,Government,Automobile Engineering,NT-D,68.0,"₹3,875 / year",Yes (Boys & Girls),"₹4,500 / year"
"Government Polytechnic, Chhatrapati Sambhajinagar",Chhatrapati Sambhajinagar,Government,Automobile Engineering,VJ/DT,68.0,"₹3,875 / year",Yes (Boys & Girls),"₹4,500 / year"
"Government Polytechnic, Chhatrapati Sambhajinagar",Chhatrapati Sambhajinagar,Government,Automobile Engineering,TFWS,80.0,"₹1,000 - ₹2,000 / year",Yes (Boys & Girls),"₹4,500 / year"
"Government Polytechnic, Nashik",Nashik,Government,Computer Engineering,OPEN,81.0,"₹7,750 / year",Yes (Boys & Girls),"₹4,500 / year"
"Government Polytechnic, Nashik",Nashik,Government,Computer Engineering,OBC,77.0,"₹3,875 / year",Yes (Boys & Girls),"₹4,500 / year"
"Government Polytechnic, Nashik",Nashik,Government,Computer Engineering,SC,71.0,"₹1,000 - ₹2,000 / year",Yes (Boys & Girls),"₹4,500 / year"
"Government Polytechnic, Nashik",Nashik,Government,Computer Engineering,ST,63.0,"₹1,000 - ₹2,000 / year",Yes (Boys & Girls),"₹4,500 / year"
"Government Polytechnic, Nashik",Nashik,Government,Computer Engineering,EWS,79.0,"₹3,875 / year",Yes (Boys & Girls),"₹4,500 / year"
"Government Polytechnic, Nashik",Nashik,Government,Computer Engineering,NT-A,74.0,"₹3,875 / year",Yes (Boys & Girls),"₹4,500 / year"
"Government Polytechnic, Nashik",Nashik,Government,Computer Engineering,NT-B,74.0,"₹3,875 / year",Yes (Boys & Girls),"₹4,500 / year"
"Government Polytechnic, Nashik",Nashik,Government,Computer Engineering,NT-C,74.0,"₹3,875 / year",Yes (Boys & Girls),"₹4,500 / year"
"Government Polytechnic, Nashik",Nashik,Government,Computer Engineering,NT-D,74.0,"₹3,875 / year",Yes (Boys & Girls),"₹4,500 / year"
"Government Polytechnic, Nashik",Nashik,Government,Computer Engineering,VJ/DT,74.0,"₹3,875 / year",Yes (Boys & Girls),"₹4,500 / year"
"Government Polytechnic, Nashik",Nashik,Government,Computer Engineering,TFWS,86.0,"₹1,000 - ₹2,000 / year",Yes (Boys & Girls),"₹4,500 / year"
"Government Polytechnic, Nashik",Nashik,Government,Information Technology,OPEN,79.0,"₹7,750 / year",Yes (Boys & Girls),"₹4,500 / year"
"Government Polytechnic, Nashik",Nashik,Government,Information Technology,OBC,75.0,"₹3,875 / year",Yes (Boys & Girls),"₹4,500 / year"
"Government Polytechnic, Nashik",Nashik,Government,Information Technology,SC,69.0,"₹1,000 - ₹2,000 / year",Yes (Boys & Girls),"₹4,500 / year"
"Government Polytechnic, Nashik",Nashik,Government,Information Technology,ST,61.0,"₹1,000 - ₹2,000 / year",Yes (Boys & Girls),"₹4,500 / year"
"Government Polytechnic, Nashik",Nashik,Government,Information Technology,EWS,77.0,"₹3,875 / year",Yes (Boys & Girls),"₹4,500 / year"
"Government Polytechnic, Nashik",Nashik,Government,Information Technology,NT-A,72.0,"₹3,875 / year",Yes (Boys & Girls),"₹4,500 / year"
"Government Polytechnic, Nashik",Nashik,Government,Information Technology,NT-B,72.0,"₹3,875 / year",Yes (Boys & Girls),"₹4,500 / year"
"Government Polytechnic, Nashik",Nashik,Government,Information Technology,NT-C,72.0,"₹3,875 / year",Yes (Boys & Girls),"₹4,500 / year"
"Government Polytechnic, Nashik",Nashik,Government,Information Technology,NT-D,72.0,"₹3,875 / year",Yes (Boys & Girls),"₹4,500 / year"
"Government Polytechnic, Nashik",Nashik,Government,Information Technology,VJ/DT,72.0,"₹3,875 / year",Yes (Boys & Girls),"₹4,500 / year"
"Government Polytechnic, Nashik",Nashik,Government,Information Technology,TFWS,84.0,"₹1,000 - ₹2,000 / year",Yes (Boys & Girls),"₹4,500 / year"
"Government Polytechnic, Nashik",Nashik,Government,Artificial Intelligence & Data Science,OPEN,79.0,"₹7,750 / year",Yes (Boys & Girls),"₹4,500 / year"
"Government Polytechnic, Nashik",Nashik,Government,Artificial Intelligence & Data Science,OBC,75.0,"₹3,875 / year",Yes (Boys & Girls),"₹4,500 / year"
"Government Polytechnic, Nashik",Nashik,Government,Artificial Intelligence & Data Science,SC,69.0,"₹1,000 - ₹2,000 / year",Yes (Boys & Girls),"₹4,500 / year"
"Government Polytechnic, Nashik",Nashik,Government,Artificial Intelligence & Data Science,ST,61.0,"₹1,000 - ₹2,000 / year",Yes (Boys & Girls),"₹4,500 / year"
"Government Polytechnic, Nashik",Nashik,Government,Artificial Intelligence & Data Science,EWS,77.0,"₹3,875 / year",Yes (Boys & Girls),"₹4,500 / year"
"Government Polytechnic, Nashik",Nashik,Government,Artificial Intelligence & Data Science,NT-A,72.0,"₹3,875 / year",Yes (Boys & Girls),"₹4,500 / year"
"Government Polytechnic, Nashik",Nashik,Government,Artificial Intelligence & Data Science,NT-B,72.0,"₹3,875 / year",Yes (Boys & Girls),"₹4,500 / year"
"Government Polytechnic, Nashik",Nashik,Government,Artificial Intelligence & Data Science,NT-C,72.0,"₹3,875 / year",Yes (Boys & Girls),"₹4,500 / year"
"Government Polytechnic, Nashik",Nashik,Government,Artificial Intelligence & Data Science,NT-D,72.0,"₹3,875 / year",Yes (Boys & Girls),"₹4,500 / year"
"Government Polytechnic, Nashik",Nashik,Government,Artificial Intelligence & Data Science,VJ/DT,72.0,"₹3,875 / year",Yes (Boys & Girls),"₹4,500 / year"
"Government Polytechnic, Nashik",Nashik,Government,Artificial Intelligence & Data Science,TFWS,84.0,"₹1,000 - ₹2,000 / year",Yes (Boys & Girls),"₹4,500 / year"
"Government Polytechnic, Nashik",Nashik,Government,Electronics & Telecommunication,OPEN,75.0,"₹7,750 / year",Yes (Boys & Girls),"₹4,500 / year"
"Government Polytechnic, Nashik",Nashik,Government,Electronics & Telecommunication,OBC,71.0,"₹3,875 / year",Yes (Boys & Girls),"₹4,500 / year"
"Government Polytechnic, Nashik",Nashik,Government,Electronics & Telecommunication,SC,65.0,"₹1,000 - ₹2,000 / year",Yes (Boys & Girls),"₹4,500 / year"
"Government Polytechnic, Nashik",Nashik,Government,Electronics & Telecommunication,ST,57.0,"₹1,000 - ₹2,000 / year",Yes (Boys & Girls),"₹4,500 / year"
"Government Polytechnic, Nashik",Nashik,Government,Electronics & Telecommunication,EWS,73.0,"₹3,875 / year",Yes (Boys & Girls),"₹4,500 / year"
"Government Polytechnic, Nashik",Nashik,Government,Electronics & Telecommunication,NT-A,68.0,"₹3,875 / year",Yes (Boys & Girls),"₹4,500 / year"
"Government Polytechnic, Nashik",Nashik,Government,Electronics & Telecommunication,NT-B,68.0,"₹3,875 / year",Yes (Boys & Girls),"₹4,500 / year"
"Government Polytechnic, Nashik",Nashik,Government,Electronics & Telecommunication,NT-C,68.0,"₹3,875 / year",Yes (Boys & Girls),"₹4,500 / year"
"Government Polytechnic, Nashik",Nashik,Government,Electronics & Telecommunication,NT-D,68.0,"₹3,875 / year",Yes (Boys & Girls),"₹4,500 / year"
"Government Polytechnic, Nashik",Nashik,Government,Electronics & Telecommunication,VJ/DT,68.0,"₹3,875 / year",Yes (Boys & Girls),"₹4,500 / year"
"Government Polytechnic, Nashik",Nashik,Government,Electronics & Telecommunication,TFWS,80.0,"₹1,000 - ₹2,000 / year",Yes (Boys & Girls),"₹4,500 / year"
"Government Polytechnic, Nashik",Nashik,Government,Electrical Engineering,OPEN,75.0,"₹7,750 / year",Yes (Boys & Girls),"₹4,500 / year"
"Government Polytechnic, Nashik",Nashik,Government,Electrical Engineering,OBC,71.0,"₹3,875 / year",Yes (Boys & Girls),"₹4,500 / year"
"Government Polytechnic, Nashik",Nashik,Government,Electrical Engineering,SC,65.0,"₹1,000 - ₹2,000 / year",Yes (Boys & Girls),"₹4,500 / year"
"Government Polytechnic, Nashik",Nashik,Government,Electrical Engineering,ST,57.0,"₹1,000 - ₹2,000 / year",Yes (Boys & Girls),"₹4,500 / year"
"Government Polytechnic, Nashik",Nashik,Government,Electrical Engineering,EWS,73.0,"₹3,875 / year",Yes (Boys & Girls),"₹4,500 / year"
"Government Polytechnic, Nashik",Nashik,Government,Electrical Engineering,NT-A,68.0,"₹3,875 / year",Yes (Boys & Girls),"₹4,500 / year"
"Government Polytechnic, Nashik",Nashik,Government,Electrical Engineering,NT-B,68.0,"₹3,875 / year",Yes (Boys & Girls),"₹4,500 / year"
"Government Polytechnic, Nashik",Nashik,Government,Electrical Engineering,NT-C,68.0,"₹3,875 / year",Yes (Boys & Girls),"₹4,500 / year"
"Government Polytechnic, Nashik",Nashik,Government,Electrical Engineering,NT-D,68.0,"₹3,875 / year",Yes (Boys & Girls),"₹4,500 / year"
"Government Polytechnic, Nashik",Nashik,Government,Electrical Engineering,VJ/DT,68.0,"₹3,875 / year",Yes (Boys & Girls),"₹4,500 / year"
"Government Polytechnic, Nashik",Nashik,Government,Electrical Engineering,TFWS,80.0,"₹1,000 - ₹2,000 / year",Yes (Boys & Girls),"₹4,500 / year"
"Government Polytechnic, Nashik",Nashik,Government,Mechanical Engineering,OPEN,73.0,"₹7,750 / year",Yes (Boys & Girls),"₹4,500 / year"
"Government Polytechnic, Nashik",Nashik,Government,Mechanical Engineering,OBC,69.0,"₹3,875 / year",Yes (Boys & Girls),"₹4,500 / year"
"Government Polytechnic, Nashik",Nashik,Government,Mechanical Engineering,SC,63.0,"₹1,000 - ₹2,000 / year",Yes (Boys & Girls),"₹4,500 / year"
"Government Polytechnic, Nashik",Nashik,Government,Mechanical Engineering,ST,55.0,"₹1,000 - ₹2,000 / year",Yes (Boys & Girls),"₹4,500 / year"
"Government Polytechnic, Nashik",Nashik,Government,Mechanical Engineering,EWS,71.0,"₹3,875 / year",Yes (Boys & Girls),"₹4,500 / year"
"Government Polytechnic, Nashik",Nashik,Government,Mechanical Engineering,NT-A,66.0,"₹3,875 / year",Yes (Boys & Girls),"₹4,500 / year"
"Government Polytechnic, Nashik",Nashik,Government,Mechanical Engineering,NT-B,66.0,"₹3,875 / year",Yes (Boys & Girls),"₹4,500 / year"
"Government Polytechnic, Nashik",Nashik,Government,Mechanical Engineering,NT-C,66.0,"₹3,875 / year",Yes (Boys & Girls),"₹4,500 / year"
"Government Polytechnic, Nashik",Nashik,Government,Mechanical Engineering,NT-D,66.0,"₹3,875 / year",Yes (Boys & Girls),"₹4,500 / year"
"Government Polytechnic, Nashik",Nashik,Government,Mechanical Engineering,VJ/DT,66.0,"₹3,875 / year",Yes (Boys & Girls),"₹4,500 / year"
"Government Polytechnic, Nashik",Nashik,Government,Mechanical Engineering,TFWS,78.0,"₹1,000 - ₹2,000 / year",Yes (Boys & Girls),"₹4,500 / year"
"Government Polytechnic, Nashik",Nashik,Government,Civil Engineering,OPEN,73.0,"₹7,750 / year",Yes (Boys & Girls),"₹4,500 / year"
"Government Polytechnic, Nashik",Nashik,Government,Civil Engineering,OBC,69.0,"₹3,875 / year",Yes (Boys & Girls),"₹4,500 / year"
"Government Polytechnic, Nashik",Nashik,Government,Civil Engineering,SC,63.0,"₹1,000 - ₹2,000 / year",Yes (Boys & Girls),"₹4,500 / year"
"Government Polytechnic, Nashik",Nashik,Government,Civil Engineering,ST,55.0,"₹1,000 - ₹2,000 / year",Yes (Boys & Girls),"₹4,500 / year"
"Government Polytechnic, Nashik",Nashik,Government,Civil Engineering,EWS,71.0,"₹3,875 / year",Yes (Boys & Girls),"₹4,500 / year"
"Government Polytechnic, Nashik",Nashik,Government,Civil Engineering,NT-A,66.0,"₹3,875 / year",Yes (Boys & Girls),"₹4,500 / year"
"Government Polytechnic, Nashik",Nashik,Government,Civil Engineering,NT-B,66.0,"₹3,875 / year",Yes (Boys & Girls),"₹4,500 / year"
"Government Polytechnic, Nashik",Nashik,Government,Civil Engineering,NT-C,66.0,"₹3,875 / year",Yes (Boys & Girls),"₹4,500 / year"
"Government Polytechnic, Nashik",Nashik,Government,Civil Engineering,NT-D,66.0,"₹3,875 / year",Yes (Boys & Girls),"₹4,500 / year"
"Government Polytechnic, Nashik",Nashik,Government,Civil Engineering,VJ/DT,66.0,"₹3,875 / year",Yes (Boys & Girls),"₹4,500 / year"
"Government Polytechnic, Nashik",Nashik,Government,Civil Engineering,TFWS,78.0,"₹1,000 - ₹2,000 / year",Yes (Boys & Girls),"₹4,500 / year"
"Government Polytechnic, Nashik",Nashik,Government,Chemical Engineering,OPEN,73.0,"₹7,750 / year",Yes (Boys & Girls),"₹4,500 / year"
"Government Polytechnic, Nashik",Nashik,Government,Chemical Engineering,OBC,69.0,"₹3,875 / year",Yes (Boys & Girls),"₹4,500 / year"
"Government Polytechnic, Nashik",Nashik,Government,Chemical Engineering,SC,63.0,"₹1,000 - ₹2,000 / year",Yes (Boys & Girls),"₹4,500 / year"
"Government Polytechnic, Nashik",Nashik,Government,Chemical Engineering,ST,55.0,"₹1,000 - ₹2,000 / year",Yes (Boys & Girls),"₹4,500 / year"
"Government Polytechnic, Nashik",Nashik,Government,Chemical Engineering,EWS,71.0,"₹3,875 / year",Yes (Boys & Girls),"₹4,500 / year"
"Government Polytechnic, Nashik",Nashik,Government,Chemical Engineering,NT-A,66.0,"₹3,875 / year",Yes (Boys & Girls),"₹4,500 / year"
"Government Polytechnic, Nashik",Nashik,Government,Chemical Engineering,NT-B,66.0,"₹3,875 / year",Yes (Boys & Girls),"₹4,500 / year"
"Government Polytechnic, Nashik",Nashik,Government,Chemical Engineering,NT-C,66.0,"₹3,875 / year",Yes (Boys & Girls),"₹4,500 / year"
"Government Polytechnic, Nashik",Nashik,Government,Chemical Engineering,NT-D,66.0,"₹3,875 / year",Yes (Boys & Girls),"₹4,500 / year"
"Government Polytechnic, Nashik",Nashik,Government,Chemical Engineering,VJ/DT,66.0,"₹3,875 / year",Yes (Boys & Girls),"₹4,500 / year"
"Government Polytechnic, Nashik",Nashik,Government,Chemical Engineering,TFWS,78.0,"₹1,000 - ₹2,000 / year",Yes (Boys & Girls),"₹4,500 / year"
"Government Polytechnic, Nashik",Nashik,Government,Automobile Engineering,OPEN,73.0,"₹7,750 / year",Yes (Boys & Girls),"₹4,500 / year"
"Government Polytechnic, Nashik",Nashik,Government,Automobile Engineering,OBC,69.0,"₹3,875 / year",Yes (Boys & Girls),"₹4,500 / year"
"Government Polytechnic, Nashik",Nashik,Government,Automobile Engineering,SC,63.0,"₹1,000 - ₹2,000 / year",Yes (Boys & Girls),"₹4,500 / year"
"Government Polytechnic, Nashik",Nashik,Government,Automobile Engineering,ST,55.0,"₹1,000 - ₹2,000 / year",Yes (Boys & Girls),"₹4,500 / year"
"Government Polytechnic, Nashik",Nashik,Government,Automobile Engineering,EWS,71.0,"₹3,875 / year",Yes (Boys & Girls),"₹4,500 / year"
"Government Polytechnic, Nashik",Nashik,Government,Automobile Engineering,NT-A,66.0,"₹3,875 / year",Yes (Boys & Girls),"₹4,500 / year"
"Government Polytechnic, Nashik",Nashik,Government,Automobile Engineering,NT-B,66.0,"₹3,875 / year",Yes (Boys & Girls),"₹4,500 / year"
"Government Polytechnic, Nashik",Nashik,Government,Automobile Engineering,NT-C,66.0,"₹3,875 / year",Yes (Boys & Girls),"₹4,500 / year"
"Government Polytechnic, Nashik",Nashik,Government,Automobile Engineering,NT-D,66.0,"₹3,875 / year",Yes (Boys & Girls),"₹4,500 / year"
"Government Polytechnic, Nashik",Nashik,Government,Automobile Engineering,VJ/DT,66.0,"₹3,875 / year",Yes (Boys & Girls),"₹4,500 / year"
"Government Polytechnic, Nashik",Nashik,Government,Automobile Engineering,TFWS,78.0,"₹1,000 - ₹2,000 / year",Yes (Boys & Girls),"₹4,500 / year"
"KK Wagh Polytechnic, Nashik",Nashik,Private (Un-Aided),Computer Engineering,OPEN,75.0,"₹55,000 / year",Yes (In-Campus),"₹40,000 / year"
"KK Wagh Polytechnic, Nashik",Nashik,Private (Un-Aided),Computer Engineering,OBC,71.0,"₹27,500 / year",Yes (In-Campus),"₹40,000 / year"
"KK Wagh Polytechnic, Nashik",Nashik,Private (Un-Aided),Computer Engineering,SC,65.0,"₹1,000 - ₹2,000 / year",Yes (In-Campus),"₹40,000 / year"
"KK Wagh Polytechnic, Nashik",Nashik,Private (Un-Aided),Computer Engineering,ST,57.0,"₹1,000 - ₹2,000 / year",Yes (In-Campus),"₹40,000 / year"
"KK Wagh Polytechnic, Nashik",Nashik,Private (Un-Aided),Computer Engineering,EWS,73.0,"₹27,500 / year",Yes (In-Campus),"₹40,000 / year"
"KK Wagh Polytechnic, Nashik",Nashik,Private (Un-Aided),Computer Engineering,NT-A,68.0,"₹27,500 / year",Yes (In-Campus),"₹40,000 / year"
"KK Wagh Polytechnic, Nashik",Nashik,Private (Un-Aided),Computer Engineering,NT-B,68.0,"₹27,500 / year",Yes (In-Campus),"₹40,000 / year"
"KK Wagh Polytechnic, Nashik",Nashik,Private (Un-Aided),Computer Engineering,NT-C,68.0,"₹27,500 / year",Yes (In-Campus),"₹40,000 / year"
"KK Wagh Polytechnic, Nashik",Nashik,Private (Un-Aided),Computer Engineering,NT-D,68.0,"₹27,500 / year",Yes (In-Campus),"₹40,000 / year"
"KK Wagh Polytechnic, Nashik",Nashik,Private (Un-Aided),Computer Engineering,VJ/DT,68.0,"₹27,500 / year",Yes (In-Campus),"₹40,000 / year"
"KK Wagh Polytechnic, Nashik",Nashik,Private (Un-Aided),Computer Engineering,TFWS,80.0,"₹1,000 - ₹2,000 / year",Yes (In-Campus),"₹40,000 / year"
"KK Wagh Polytechnic, Nashik",Nashik,Private (Un-Aided),Information Technology,OPEN,73.0,"₹55,000 / year",Yes (In-Campus),"₹40,000 / year"
"KK Wagh Polytechnic, Nashik",Nashik,Private (Un-Aided),Information Technology,OBC,69.0,"₹27,500 / year",Yes (In-Campus),"₹40,000 / year"
"KK Wagh Polytechnic, Nashik",Nashik,Private (Un-Aided),Information Technology,SC,63.0,"₹1,000 - ₹2,000 / year",Yes (In-Campus),"₹40,000 / year"
"KK Wagh Polytechnic, Nashik",Nashik,Private (Un-Aided),Information Technology,ST,55.0,"₹1,000 - ₹2,000 / year",Yes (In-Campus),"₹40,000 / year"
"KK Wagh Polytechnic, Nashik",Nashik,Private (Un-Aided),Information Technology,EWS,71.0,"₹27,500 / year",Yes (In-Campus),"₹40,000 / year"
"KK Wagh Polytechnic, Nashik",Nashik,Private (Un-Aided),Information Technology,NT-A,66.0,"₹27,500 / year",Yes (In-Campus),"₹40,000 / year"
"KK Wagh Polytechnic, Nashik",Nashik,Private (Un-Aided),Information Technology,NT-B,66.0,"₹27,500 / year",Yes (In-Campus),"₹40,000 / year"
"KK Wagh Polytechnic, Nashik",Nashik,Private (Un-Aided),Information Technology,NT-C,66.0,"₹27,500 / year",Yes (In-Campus),"₹40,000 / year"
"KK Wagh Polytechnic, Nashik",Nashik,Private (Un-Aided),Information Technology,NT-D,66.0,"₹27,500 / year",Yes (In-Campus),"₹40,000 / year"
"KK Wagh Polytechnic, Nashik",Nashik,Private (Un-Aided),Information Technology,VJ/DT,66.0,"₹27,500 / year",Yes (In-Campus),"₹40,000 / year"
"KK Wagh Polytechnic, Nashik",Nashik,Private (Un-Aided),Information Technology,TFWS,78.0,"₹1,000 - ₹2,000 / year",Yes (In-Campus),"₹40,000 / year"
"KK Wagh Polytechnic, Nashik",Nashik,Private (Un-Aided),Artificial Intelligence & Data Science,OPEN,73.0,"₹55,000 / year",Yes (In-Campus),"₹40,000 / year"
"KK Wagh Polytechnic, Nashik",Nashik,Private (Un-Aided),Artificial Intelligence & Data Science,OBC,69.0,"₹27,500 / year",Yes (In-Campus),"₹40,000 / year"
"KK Wagh Polytechnic, Nashik",Nashik,Private (Un-Aided),Artificial Intelligence & Data Science,SC,63.0,"₹1,000 - ₹2,000 / year",Yes (In-Campus),"₹40,000 / year"
"KK Wagh Polytechnic, Nashik",Nashik,Private (Un-Aided),Artificial Intelligence & Data Science,ST,55.0,"₹1,000 - ₹2,000 / year",Yes (In-Campus),"₹40,000 / year"
"KK Wagh Polytechnic, Nashik",Nashik,Private (Un-Aided),Artificial Intelligence & Data Science,EWS,71.0,"₹27,500 / year",Yes (In-Campus),"₹40,000 / year"
"KK Wagh Polytechnic, Nashik",Nashik,Private (Un-Aided),Artificial Intelligence & Data Science,NT-A,66.0,"₹27,500 / year",Yes (In-Campus),"₹40,000 / year"
"KK Wagh Polytechnic, Nashik",Nashik,Private (Un-Aided),Artificial Intelligence & Data Science,NT-B,66.0,"₹27,500 / year",Yes (In-Campus),"₹40,000 / year"
"KK Wagh Polytechnic, Nashik",Nashik,Private (Un-Aided),Artificial Intelligence & Data Science,NT-C,66.0,"₹27,500 / year",Yes (In-Campus),"₹40,000 / year"
"KK Wagh Polytechnic, Nashik",Nashik,Private (Un-Aided),Artificial Intelligence & Data Science,NT-D,66.0,"₹27,500 / year",Yes (In-Campus),"₹40,000 / year"
"KK Wagh Polytechnic, Nashik",Nashik,Private (Un-Aided),Artificial Intelligence & Data Science,VJ/DT,66.0,"₹27,500 / year",Yes (In-Campus),"₹40,000 / year"
"KK Wagh Polytechnic, Nashik",Nashik,Private (Un-Aided),Artificial Intelligence & Data Science,TFWS,78.0,"₹1,000 - ₹2,000 / year",Yes (In-Campus),"₹40,000 / year"
"KK Wagh Polytechnic, Nashik",Nashik,Private (Un-Aided),Electronics & Telecommunication,OPEN,69.0,"₹55,000 / year",Yes (In-Campus),"₹40,000 / year"
"KK Wagh Polytechnic, Nashik",Nashik,Private (Un-Aided),Electronics & Telecommunication,OBC,65.0,"₹27,500 / year",Yes (In-Campus),"₹40,000 / year"
"KK Wagh Polytechnic, Nashik",Nashik,Private (Un-Aided),Electronics & Telecommunication,SC,59.0,"₹1,000 - ₹2,000 / year",Yes (In-Campus),"₹40,000 / year"
"KK Wagh Polytechnic, Nashik",Nashik,Private (Un-Aided),Electronics & Telecommunication,ST,51.0,"₹1,000 - ₹2,000 / year",Yes (In-Campus),"₹40,000 / year"
"KK Wagh Polytechnic, Nashik",Nashik,Private (Un-Aided),Electronics & Telecommunication,EWS,67.0,"₹27,500 / year",Yes (In-Campus),"₹40,000 / year"
"KK Wagh Polytechnic, Nashik",Nashik,Private (Un-Aided),Electronics & Telecommunication,NT-A,62.0,"₹27,500 / year",Yes (In-Campus),"₹40,000 / year"
"KK Wagh Polytechnic, Nashik",Nashik,Private (Un-Aided),Electronics & Telecommunication,NT-B,62.0,"₹27,500 / year",Yes (In-Campus),"₹40,000 / year"
"KK Wagh Polytechnic, Nashik",Nashik,Private (Un-Aided),Electronics & Telecommunication,NT-C,62.0,"₹27,500 / year",Yes (In-Campus),"₹40,000 / year"
"KK Wagh Polytechnic, Nashik",Nashik,Private (Un-Aided),Electronics & Telecommunication,NT-D,62.0,"₹27,500 / year",Yes (In-Campus),"₹40,000 / year"
"KK Wagh Polytechnic, Nashik",Nashik,Private (Un-Aided),Electronics & Telecommunication,VJ/DT,62.0,"₹27,500 / year",Yes (In-Campus),"₹40,000 / year"
"KK Wagh Polytechnic, Nashik",Nashik,Private (Un-Aided),Electronics & Telecommunication,TFWS,74.0,"₹1,000 - ₹2,000 / year",Yes (In-Campus),"₹40,000 / year"
"KK Wagh Polytechnic, Nashik",Nashik,Private (Un-Aided),Electrical Engineering,OPEN,69.0,"₹55,000 / year",Yes (In-Campus),"₹40,000 / year"
"KK Wagh Polytechnic, Nashik",Nashik,Private (Un-Aided),Electrical Engineering,OBC,65.0,"₹27,500 / year",Yes (In-Campus),"₹40,000 / year"
"KK Wagh Polytechnic, Nashik",Nashik,Private (Un-Aided),Electrical Engineering,SC,59.0,"₹1,000 - ₹2,000 / year",Yes (In-Campus),"₹40,000 / year"
"KK Wagh Polytechnic, Nashik",Nashik,Private (Un-Aided),Electrical Engineering,ST,51.0,"₹1,000 - ₹2,000 / year",Yes (In-Campus),"₹40,000 / year"
"KK Wagh Polytechnic, Nashik",Nashik,Private (Un-Aided),Electrical Engineering,EWS,67.0,"₹27,500 / year",Yes (In-Campus),"₹40,000 / year"
"KK Wagh Polytechnic, Nashik",Nashik,Private (Un-Aided),Electrical Engineering,NT-A,62.0,"₹27,500 / year",Yes (In-Campus),"₹40,000 / year"
"KK Wagh Polytechnic, Nashik",Nashik,Private (Un-Aided),Electrical Engineering,NT-B,62.0,"₹27,500 / year",Yes (In-Campus),"₹40,000 / year"
"KK Wagh Polytechnic, Nashik",Nashik,Private (Un-Aided),Electrical Engineering,NT-C,62.0,"₹27,500 / year",Yes (In-Campus),"₹40,000 / year"
"KK Wagh Polytechnic, Nashik",Nashik,Private (Un-Aided),Electrical Engineering,NT-D,62.0,"₹27,500 / year",Yes (In-Campus),"₹40,000 / year"
"KK Wagh Polytechnic, Nashik",Nashik,Private (Un-Aided),Electrical Engineering,VJ/DT,62.0,"₹27,500 / year",Yes (In-Campus),"₹40,000 / year"
"KK Wagh Polytechnic, Nashik",Nashik,Private (Un-Aided),Electrical Engineering,TFWS,74.0,"₹1,000 - ₹2,000 / year",Yes (In-Campus),"₹40,000 / year"
"KK Wagh Polytechnic, Nashik",Nashik,Private (Un-Aided),Mechanical Engineering,OPEN,67.0,"₹55,000 / year",Yes (In-Campus),"₹40,000 / year"
"KK Wagh Polytechnic, Nashik",Nashik,Private (Un-Aided),Mechanical Engineering,OBC,63.0,"₹27,500 / year",Yes (In-Campus),"₹40,000 / year"
"KK Wagh Polytechnic, Nashik",Nashik,Private (Un-Aided),Mechanical Engineering,SC,57.0,"₹1,000 - ₹2,000 / year",Yes (In-Campus),"₹40,000 / year"
"KK Wagh Polytechnic, Nashik",Nashik,Private (Un-Aided),Mechanical Engineering,ST,49.0,"₹1,000 - ₹2,000 / year",Yes (In-Campus),"₹40,000 / year"
"KK Wagh Polytechnic, Nashik",Nashik,Private (Un-Aided),Mechanical Engineering,EWS,65.0,"₹27,500 / year",Yes (In-Campus),"₹40,000 / year"
"KK Wagh Polytechnic, Nashik",Nashik,Private (Un-Aided),Mechanical Engineering,NT-A,60.0,"₹27,500 / year",Yes (In-Campus),"₹40,000 / year"
"KK Wagh Polytechnic, Nashik",Nashik,Private (Un-Aided),Mechanical Engineering,NT-B,60.0,"₹27,500 / year",Yes (In-Campus),"₹40,000 / year"
"KK Wagh Polytechnic, Nashik",Nashik,Private (Un-Aided),Mechanical Engineering,NT-C,60.0,"₹27,500 / year",Yes (In-Campus),"₹40,000 / year"
"KK Wagh Polytechnic, Nashik",Nashik,Private (Un-Aided),Mechanical Engineering,NT-D,60.0,"₹27,500 / year",Yes (In-Campus),"₹40,000 / year"
"KK Wagh Polytechnic, Nashik",Nashik,Private (Un-Aided),Mechanical Engineering,VJ/DT,60.0,"₹27,500 / year",Yes (In-Campus),"₹40,000 / year"
"KK Wagh Polytechnic, Nashik",Nashik,Private (Un-Aided),Mechanical Engineering,TFWS,72.0,"₹1,000 - ₹2,000 / year",Yes (In-Campus),"₹40,000 / year"
"KK Wagh Polytechnic, Nashik",Nashik,Private (Un-Aided),Civil Engineering,OPEN,67.0,"₹55,000 / year",Yes (In-Campus),"₹40,000 / year"
"KK Wagh Polytechnic, Nashik",Nashik,Private (Un-Aided),Civil Engineering,OBC,63.0,"₹27,500 / year",Yes (In-Campus),"₹40,000 / year"
"KK Wagh Polytechnic, Nashik",Nashik,Private (Un-Aided),Civil Engineering,SC,57.0,"₹1,000 - ₹2,000 / year",Yes (In-Campus),"₹40,000 / year"
"KK Wagh Polytechnic, Nashik",Nashik,Private (Un-Aided),Civil Engineering,ST,49.0,"₹1,000 - ₹2,000 / year",Yes (In-Campus),"₹40,000 / year"
"KK Wagh Polytechnic, Nashik",Nashik,Private (Un-Aided),Civil Engineering,EWS,65.0,"₹27,500 / year",Yes (In-Campus),"₹40,000 / year"
"KK Wagh Polytechnic, Nashik",Nashik,Private (Un-Aided),Civil Engineering,NT-A,60.0,"₹27,500 / year",Yes (In-Campus),"₹40,000 / year"
"KK Wagh Polytechnic, Nashik",Nashik,Private (Un-Aided),Civil Engineering,NT-B,60.0,"₹27,500 / year",Yes (In-Campus),"₹40,000 / year"
"KK Wagh Polytechnic, Nashik",Nashik,Private (Un-Aided),Civil Engineering,NT-C,60.0,"₹27,500 / year",Yes (In-Campus),"₹40,000 / year"
"KK Wagh Polytechnic, Nashik",Nashik,Private (Un-Aided),Civil Engineering,NT-D,60.0,"₹27,500 / year",Yes (In-Campus),"₹40,000 / year"
"KK Wagh Polytechnic, Nashik",Nashik,Private (Un-Aided),Civil Engineering,VJ/DT,60.0,"₹27,500 / year",Yes (In-Campus),"₹40,000 / year"
"KK Wagh Polytechnic, Nashik",Nashik,Private (Un-Aided),Civil Engineering,TFWS,72.0,"₹1,000 - ₹2,000 / year",Yes (In-Campus),"₹40,000 / year"
"KK Wagh Polytechnic, Nashik",Nashik,Private (Un-Aided),Chemical Engineering,OPEN,67.0,"₹55,000 / year",Yes (In-Campus),"₹40,000 / year"
"KK Wagh Polytechnic, Nashik",Nashik,Private (Un-Aided),Chemical Engineering,OBC,63.0,"₹27,500 / year",Yes (In-Campus),"₹40,000 / year"
"KK Wagh Polytechnic, Nashik",Nashik,Private (Un-Aided),Chemical Engineering,SC,57.0,"₹1,000 - ₹2,000 / year",Yes (In-Campus),"₹40,000 / year"
"KK Wagh Polytechnic, Nashik",Nashik,Private (Un-Aided),Chemical Engineering,ST,49.0,"₹1,000 - ₹2,000 / year",Yes (In-Campus),"₹40,000 / year"
"KK Wagh Polytechnic, Nashik",Nashik,Private (Un-Aided),Chemical Engineering,EWS,65.0,"₹27,500 / year",Yes (In-Campus),"₹40,000 / year"
"KK Wagh Polytechnic, Nashik",Nashik,Private (Un-Aided),Chemical Engineering,NT-A,60.0,"₹27,500 / year",Yes (In-Campus),"₹40,000 / year"
"KK Wagh Polytechnic, Nashik",Nashik,Private (Un-Aided),Chemical Engineering,NT-B,60.0,"₹27,500 / year",Yes (In-Campus),"₹40,000 / year"
"KK Wagh Polytechnic, Nashik",Nashik,Private (Un-Aided),Chemical Engineering,NT-C,60.0,"₹27,500 / year",Yes (In-Campus),"₹40,000 / year"
"KK Wagh Polytechnic, Nashik",Nashik,Private (Un-Aided),Chemical Engineering,NT-D,60.0,"₹27,500 / year",Yes (In-Campus),"₹40,000 / year"
"KK Wagh Polytechnic, Nashik",Nashik,Private (Un-Aided),Chemical Engineering,VJ/DT,60.0,"₹27,500 / year",Yes (In-Campus),"₹40,000 / year"
"KK Wagh Polytechnic, Nashik",Nashik,Private (Un-Aided),Chemical Engineering,TFWS,72.0,"₹1,000 - ₹2,000 / year",Yes (In-Campus),"₹40,000 / year"
"KK Wagh Polytechnic, Nashik",Nashik,Private (Un-Aided),Automobile Engineering,OPEN,67.0,"₹55,000 / year",Yes (In-Campus),"₹40,000 / year"
"KK Wagh Polytechnic, Nashik",Nashik,Private (Un-Aided),Automobile Engineering,OBC,63.0,"₹27,500 / year",Yes (In-Campus),"₹40,000 / year"
"KK Wagh Polytechnic, Nashik",Nashik,Private (Un-Aided),Automobile Engineering,SC,57.0,"₹1,000 - ₹2,000 / year",Yes (In-Campus),"₹40,000 / year"
"KK Wagh Polytechnic, Nashik",Nashik,Private (Un-Aided),Automobile Engineering,ST,49.0,"₹1,000 - ₹2,000 / year",Yes (In-Campus),"₹40,000 / year"
"KK Wagh Polytechnic, Nashik",Nashik,Private (Un-Aided),Automobile Engineering,EWS,65.0,"₹27,500 / year",Yes (In-Campus),"₹40,000 / year"
"KK Wagh Polytechnic, Nashik",Nashik,Private (Un-Aided),Automobile Engineering,NT-A,60.0,"₹27,500 / year",Yes (In-Campus),"₹40,000 / year"
"KK Wagh Polytechnic, Nashik",Nashik,Private (Un-Aided),Automobile Engineering,NT-B,60.0,"₹27,500 / year",Yes (In-Campus),"₹40,000 / year"
"KK Wagh Polytechnic, Nashik",Nashik,Private (Un-Aided),Automobile Engineering,NT-C,60.0,"₹27,500 / year",Yes (In-Campus),"₹40,000 / year"
"KK Wagh Polytechnic, Nashik",Nashik,Private (Un-Aided),Automobile Engineering,NT-D,60.0,"₹27,500 / year",Yes (In-Campus),"₹40,000 / year"
"KK Wagh Polytechnic, Nashik",Nashik,Private (Un-Aided),Automobile Engineering,VJ/DT,60.0,"₹27,500 / year",Yes (In-Campus),"₹40,000 / year"
"KK Wagh Polytechnic, Nashik",Nashik,Private (Un-Aided),Automobile Engineering,TFWS,72.0,"₹1,000 - ₹2,000 / year",Yes (In-Campus),"₹40,000 / year"
